/*
MySQL Data Transfer
Source Host: localhost
Source Database: alg
Target Host: localhost
Target Database: alg
Date: 2020/9/6 23:04:35
*/

SET FOREIGN_KEY_CHECKS=0;
-- ----------------------------
-- Table structure for encycle
-- ----------------------------
DROP TABLE IF EXISTS `encycle`;
CREATE TABLE `encycle` (
  `id` int(11) NOT NULL AUTO_INCREMENT,
  `pet_name` varchar(100) NOT NULL,
  `context` varchar(1000) NOT NULL,
  `pet_img` varchar(500) NOT NULL,
  `class_id` int(11) NOT NULL,
  PRIMARY KEY (`id`),
  UNIQUE KEY `id` (`id`)
) ENGINE=InnoDB AUTO_INCREMENT=66 DEFAULT CHARSET=utf8;

-- ----------------------------
-- Table structure for lunbo
-- ----------------------------
DROP TABLE IF EXISTS `lunbo`;
CREATE TABLE `lunbo` (
  `id` int(11) NOT NULL AUTO_INCREMENT,
  `lunbo_img` varchar(500) NOT NULL,
  `class_id` int(11) NOT NULL,
  PRIMARY KEY (`id`),
  UNIQUE KEY `id` (`id`)
) ENGINE=InnoDB AUTO_INCREMENT=21 DEFAULT CHARSET=utf8;

-- ----------------------------
-- Table structure for orderp
-- ----------------------------
DROP TABLE IF EXISTS `orderp`;
CREATE TABLE `orderp` (
  `id` int(11) unsigned NOT NULL AUTO_INCREMENT,
  `oid` int(11) DEFAULT NULL,
  `address` varchar(200) DEFAULT NULL,
  `otime` char(200) DEFAULT NULL,
  `phone` varchar(20) DEFAULT NULL,
  `uname` varchar(20) DEFAULT NULL,
  `pname` varchar(200) DEFAULT NULL,
  `count` int(11) DEFAULT NULL,
  `total` float(11,0) DEFAULT NULL,
  `resolve` varchar(10) DEFAULT NULL,
  PRIMARY KEY (`id`),
  UNIQUE KEY `id` (`id`)
) ENGINE=InnoDB AUTO_INCREMENT=21 DEFAULT CHARSET=utf8;

-- ----------------------------
-- Table structure for product
-- ----------------------------
DROP TABLE IF EXISTS `product`;
CREATE TABLE `product` (
  `id` int(11) NOT NULL AUTO_INCREMENT,
  `product_name` varchar(100) NOT NULL,
  `discription` varchar(500) DEFAULT NULL,
  `price` float NOT NULL,
  `img_url` varchar(500) DEFAULT NULL,
  `class_id` int(11) NOT NULL,
  `goods_id` int(11) NOT NULL,
  `count` int(11) DEFAULT NULL,
  PRIMARY KEY (`id`),
  UNIQUE KEY `id` (`id`)
) ENGINE=InnoDB AUTO_INCREMENT=249 DEFAULT CHARSET=utf8;

-- ----------------------------
-- Table structure for shopcart
-- ----------------------------
DROP TABLE IF EXISTS `shopcart`;
CREATE TABLE `shopcart` (
  `id` int(11) NOT NULL AUTO_INCREMENT,
  `product_name` varchar(100) NOT NULL,
  `price` float NOT NULL,
  `count` int(11) NOT NULL,
  `img_url` varchar(500) NOT NULL,
  `user_id` int(11) NOT NULL,
  PRIMARY KEY (`id`),
  UNIQUE KEY `id` (`id`)
) ENGINE=InnoDB AUTO_INCREMENT=67 DEFAULT CHARSET=utf8;

-- ----------------------------
-- Table structure for user
-- ----------------------------
DROP TABLE IF EXISTS `user`;
CREATE TABLE `user` (
  `id` int(11) NOT NULL AUTO_INCREMENT,
  `username` varchar(20) NOT NULL,
  `password` varchar(20) NOT NULL,
  `phone` varchar(20) DEFAULT NULL,
  `head_url` varchar(500) DEFAULT NULL,
  `address` varchar(200) DEFAULT NULL,
  `birth` varchar(200) DEFAULT NULL,
  `qianmin` varchar(200) DEFAULT NULL,
  `nichen` varchar(100) DEFAULT NULL,
  `sex` char(10) DEFAULT NULL,
  PRIMARY KEY (`id`),
  UNIQUE KEY `id` (`id`),
  UNIQUE KEY `username` (`username`)
) ENGINE=InnoDB AUTO_INCREMENT=7 DEFAULT CHARSET=utf8;

-- ----------------------------
-- Records 
-- ----------------------------
INSERT INTO `encycle` VALUES ('1', '金毛', '金毛巡回猎犬（Golden Retriever），原产于苏格兰，祖先有雪达犬血统，因有较强的游泳能力，并能把猎物从水中叼回给主人，故最初用作狩猎及巡回被枪猎射落的水鸟，AKC分类属于运动犬组。金毛犬在犬的智商中排名在第四位，由于金毛犬有着一双温柔的眼睛、微笑的脸庞、天使般完美的性格、一身笼罩着天堂光辉的金色被毛，目前多被用作家庭犬及导盲犬。美国犬业俱乐部(American Kennel Club,AKC)标准规定其毛皮是“丰富的，有光泽的由不同层次的金色(rich，lustrous golden of various shades)”，不允许有过于浅或者过于深的颜色。', 'http://img.boqiicdn.com/Data/BK/P/imagick64591541411807.png', '1');
INSERT INTO `encycle` VALUES ('2', '哈士奇', '西伯利亚雪橇犬（Siberian Huskiy)又称为哈士奇，原产于西伯利亚地区，AKC分类属于工作犬组。西伯利亚雪橇犬是东西伯利亚游牧民族伊奴特乔克治族饲养的犬种，长期担任拉雪橇。引导驯鹿及守卫等工作。20世纪初，被毛皮商人带至美国，多年来，一直成为举世闻名的拉雪橇竞赛冠军犬。目前，西伯利亚雪橇犬多被用作伴侣犬。家庭玩赏犬。西伯利亚雪橇犬是一种原始的古老犬种，因它的独特嘶哑的叫声被称之为当今的哈士奇。很早前哈士奇是最原始的交通工具专门拉雪橇的，并用这种狗猎取和饲养驯鹿，或者繁殖这种狗，然后带出他们居住的冻土地，换取温饱。典型狼性犬。', 'http://img.boqiicdn.com/Data/BK/P/imagick46441541413367.png', '1');
INSERT INTO `encycle` VALUES ('3', '比熊犬', '比熊犬（Bichon Frisé）是一种小型常见的宠物狗，1500年，当法国入侵意大利时，法国人被比熊犬白绒绒可爱的样子迷住了，并把它作为战利品带回法国。比熊犬对居住环境的要求很高，经常需要有人陪伴，这点需要特别注意。\r\n　　比熊犬性情温顺、敏感、顽皮又不乏可爱。整体外貌而言，比熊犬体型较小，但身体强壮，活泼可爱，长满蓬松毛发的小尾巴竖在背后，长着一双萌动而又好奇的黑眼睛，它的动作优雅，轻灵惹人欢喜。', 'http://img.boqiicdn.com/Data/BK/A/1407/1/img81361404204378_y.jpg', '1');
INSERT INTO `encycle` VALUES ('4', '博美犬', '谈及小型玩赏犬及伴侣犬，令人们立刻联想起博美犬，由于博美犬的性格极其外向且活泼可爱，深受广大爱宠人士的喜爱。博美犬原产自德国，属于狐狸犬一种。早期的博美犬体型比较大，而且大多都是白色的毛发。在19世纪以来，经过选拔配种繁育而逐渐发展成为今天小型的犬种。现在的博美犬属于小型玩赏犬种。由于博美犬的性格开朗、待人忠实、友善、体型较小引起广大爱宠人士的关注，作为小型玩赏犬的博美来讲，可不能只看其外表的小巧身材，遇到突发事件时，博美也会展现出自己的威武状态，保护自己及保护主人，偶尔也会撒娇。博美犬需要定期整理，不适合生活无空闲时间过于忙碌的人士饲养。华丽的皮毛，不仅需要经常修剪，还需每日细心的梳理。因体毛丰厚，换毛期脱毛量大，应经常保洁护理，每周一次洗澡为宜。因体型较小，母犬较易出现难产现象。', 'http://img.boqiicdn.com/Data/BK/A/1406/26/img42081403772519_y.jpg', '1');
INSERT INTO `encycle` VALUES ('5', '牧羊犬', '牧羊犬（Border Collie），又称边界牧羊犬，原产于英国和苏格兰边境，具有该地柯利工作犬的血统，1915年正式命名，AKC分类属于畜牧犬组。因其灵敏的反应和良好的耐力，1873年起该犬就逐渐被利用作牧羊犬，而且还被输出到全世界多个国家。因该犬极聪明，智商公认排名世界第一，相当于6-8岁小孩，目前多用作家庭玩赏犬。牧羊犬是犬类智商排名第一的犬种，最早生长在苏格兰边境，又名博德牧羊犬，多年前此犬被当成牧羊犬，直到1915年，才正式以“边境牧羊犬”来命名。属于“工作狂类型”的，精力充沛，全世界一半以上的牧羊工作都是由他完成的。', 'http://img.boqiicdn.com/Data/BK/A/1406/30/img33951404116154_y.jpg', '1');
INSERT INTO `encycle` VALUES ('8', '柯基犬', '威尔士柯基全又称之为威尔士短腿狗，是时下很受欢迎的一个犬种，由于身长腿短长相很萌尤其受到了女生们的喜爱。威尔士柯基至少公元920年彭布罗克威尔士柯基犬已存在于英国了。\r\n\r\n       它是由卡狄根犬与彭布罗克犬两种变种而来。彭布罗克犬比卡狄根犬名气大。由法兰德斯工人携带过来的犬种，根据其近似狐狸的头部，有人认为，本犬与尖嘴犬祖先关系密切。但也有人认为，是随着威尔士与瑞典贸易传至威尔士的瑞典短脚长身犬和土著犬交配，产生了柯基犬。卡狄根犬和彭布罗克犬一样是擅长牧牛的犬种。由于身轻如燕，动作机敏，后脚跟被咬的家畜发怒时，此犬能以极快的速度逃开。1934年，英国正式公认为卡狄根犬与彭布罗克犬两种不同品种。\r\n\r\n       在育种专家不断的培育以及训练下已经将其与生俱来与其它犬相斗的野性慢慢去除了，如今市场上柯基的价格也不便宜。', 'http://img.boqiicdn.com/Data/BK/A/1407/25/img15021406277386_y.jpg', '1');
INSERT INTO `encycle` VALUES ('9', '吉娃娃犬', '吉娃娃犬（chihuahua），又叫吉娃娃、吉娃娃狗、奇娃娃、齐花花玩赏犬，原产于墨西哥，属于世界上最小的一个犬种。1923年成立吉娃娃犬俱乐部，它是美国最受欢迎的12个品种犬之一。\r\n　　有人认为此犬原产于南美，初期被印加族人视为神圣的犬种，后来传到阿斯提克族。也有人认为此犬是随西班牙的侵略者到达新世界的品种，或者在19世纪初期，从中国传入的。还有人认为是在19世纪左右，由墨西哥人所饲养的犬发展而来的。', 'http://img.boqiicdn.com/Data/BK/A/1407/25/img78151406268660_y.jpg', '1');
INSERT INTO `encycle` VALUES ('10', '藏獒', '藏獒（Tibetan Mastiff），AKC分类属于工作犬组。属于中国青藏高原的甘肃省甘南藏族自治州河曲地区，又称西藏獒犬，国家二类保护动物，是世界公认的最古老、最稀有的犬种，在世界犬类漫长的血统融合中起着非常巨大的作用，有“东方之神”之美誉。藏獒是世界上唯一不怕野兽的犬种，历史上曾被看做西藏人的护卫犬和保护神，同时也成就了藏獒“聚三美而集五德”之美名。现多用作畜牧犬、家庭守卫犬和军犬。', 'http://img.boqiicdn.com/Data/BK/A/1407/2/img26031404264989_y.jpg', '1');
INSERT INTO `encycle` VALUES ('11', '斗牛犬', '法国斗牛犬（French Bulldog），原产地法国，此犬肌肉发达、骨骼严实、体型中等偏小，性格比较活跃，对事物非常感兴趣。除了切除狼爪以外，对他的任何改动都是错误的，属于失格。法国斗牛犬是斗牛中最强健敏捷的品种之一，早期法国斗牛犬是和当地的其他犬杂交的，最终成了现在这种体型小，头盖平、玫瑰耳或蝙蝠耳的法国斗牛犬。', 'http://img.boqiicdn.com/Data/BK/A/1407/17/img98411405585341_y.jpg', '1');
INSERT INTO `encycle` VALUES ('12', '柴犬\r\n', '柴犬（Shiba Inu），原产地日本，是日本本土中体型最小并且最古老的犬种，日文中意即“灌木丛狗”，柴犬最初是用来狩猎大型猎物的，但是现在他们用于狩猎较小的动物。在日本的城市、郊区和乡村都可看到柴犬。相信很多人都看过《忠犬八公》这部电影并为之感动，电影所讲述的就是一直忠诚的秋田犬(详情介绍)每日送主人上下班，主人已经去世了，但它却不知道，仍然每天会到车站继续等。日复一日，年复一年，直到自己的生命走向了终结的故事。为什么会说到秋田呢？因为对于柴犬来说它几乎就是缩小版的秋田，实际上在日文中柴犬就有小狗的意思。\r\n\r\n       柴犬是日本本土犬种中最小的一种，雄性与雌性的柴犬在外貌上有很大的区别。雄性显得雄壮但雌性看起来很柔美。雄性柴犬一般在36.8 ~ 41.9厘米（理想平均体重为10.43千克），雌性在36.8 ~ 39.4 厘米（理想平均体重为7.71千克）。\r\n\r\n       头部：眼睛稍呈三角形，虹膜为深褐色，眼边黑色。耳朵是三角形，小而牢固并且竖立和头及身体大小相称。鼻梁较直，鼻镜为黑色，嘴唇紧而黑，上下牙齿可以完全互补。\r\n\r\n       身体：颈部粗，结实，背线直。躯体肌肉强劲有力，腹部很结实，而且收缩性良好，前肢结实有力。后退强壮，自然站立时腿间距较宽，大腿上部分长，下部分短，没有悬抓。\r\n\r\n       尾巴：尾粗而有力，呈镰刀状或卷曲状置于背上尾呈松散的单一卷曲或镰刀状强有力的指向颈部或和背部近似平行，尾的长度为当尾伸展时要直接达到跗关节。\r\n\r\n被毛：有两层毛，外层被毛僵硬，直立，下层绒毛层柔软并且厚而密，绒毛层有奶油色、浅黄色或灰色。\r\n\r\n       柴犬体型小，脾气好，有一种精致尊贵的感觉，对尊敬的人很忠诚，但对于其他犬有时有攻击性，但它一般会听从主人的指挥。', 'http://img.boqiicdn.com/Data/BK/A/1407/25/img57731406264677_y.jpg', '1');
INSERT INTO `encycle` VALUES ('13', '巴哥犬\r\n', '巴哥犬（pug），原产于中国，国内也称之为哈巴狗，富有魅力而且高雅，18世纪末正式命名为“巴哥”其词意古语为鬼，狮子鼻或小猴子的意思。八哥犬容易有睫毛倒插的毛病，头部皱折多，容易眼睑内翻，也容易泪管阻塞，而有两条明显的泪痕。巴哥犬理想的身高应为25-28厘米；体重6-8公斤；个性忠诚、温柔；体格匀称结实呈方形，皱褶的扁脸，会做出讨人喜爱的表情。此犬具备优良及爱干净的个性。', 'http://img.boqiicdn.com/Data/BK/A/1407/7/img5891404724376_y.jpg', '1');
INSERT INTO `encycle` VALUES ('14', '松狮\r\n', '一般人看到松狮那张全都堆在一起的囧脸就会觉得它是个憨厚老实，很容易亲近的狗，可事实却并非如此，很多人想要“讨好”松狮，换来的却是它的冷漠。它是安静的、独立的、高贵且孤僻冷漠的。虽然长得很讨喜，但它的先天性格却会让你原本抱有期待的心而失望。他不会取悦别人，更不会让人随意摆弄，就是这么我行我素。\r\n\r\n       松狮犬至少已经有2000年的历史。是原产中国西藏的古老犬种19世纪末在英国出现并加以改良。古代的松狮犬被视为恶灵的敌人，一向被用来看守寺院和拖拉小车。松狮犬属于工作犬类，是一种多功能的万能犬，可以胜任狩猎、护卫和拖曳等任务。松狮犬有灵敏的嗅觉，有敏锐的狩猎触觉，擅于捕猎蒙古鸡、湖南鹧鸪，猎人均称赞松狮犬有快速的步伐及充沛的精力。\r\n\r\n       松狮集美丽高贵与于一身，一张囧脸更是其特点，而且它不需要大量的训练，可以安安静静地趴在那很久甚至是一整天。', 'http://img.boqiicdn.com/Data/BK/A/1407/23/img98621406102937_y.jpg', '1');
INSERT INTO `encycle` VALUES ('15', '拉布拉多猎犬\r\n', '拉布拉多猎犬（Labrador Retriever），原产于加拿大纽芬兰岛，AKC分类属于运动犬组。根据其祖先是英国猎犬，被当地渔民训练拉网和搬运工作，19世纪流传入英国后又被训练为猎枪犬，现又多被训练为导盲犬和警卫犬，用于侦察毒品和爆炸物。拉布拉多猎犬在犬的智商中排名中一直名列前茅，是目前最受欢迎和最值得信赖的家庭犬。一只健康的拉布拉多猎犬，肯定有着一个对他负责人的主人。照顾一只憨厚可爱，没有脾气的大型犬。对于饲养者来说是件值得骄傲的事。只有饲养过拉布拉多犬的人才知道狗狗的生活习惯以及饮食习惯。下面介绍一下关于拉布拉多幼犬的喂食要点。', 'http://img.boqiicdn.com/Data/BK/A/1406/30/img13411404099560_y.jpg', '1');
INSERT INTO `encycle` VALUES ('17', '约克夏', '约克夏梗（Yorkshire Terrier），又称为约瑟犬、约克夏爹利犬，原产于英国东北部约克郡，由斯开岛梗、曼彻斯特梗、丹第丁蒙梗和马耳他犬杂交培育而成，AKC分类属于玩赏犬组。最初用于猎鼠。约克夏身材矮小，被毛柔滑如丝，光彩夺目，早在维多利亚女王时期便是一种时髦的宠物，深得男女老少的喜爱。约克夏与吉娃娃犬并称世界最小犬种，目前多用作家庭玩赏犬。', 'http://img.boqiicdn.com/Data/BK/A/1407/1/img66031404195115_y.jpg', '1');
INSERT INTO `encycle` VALUES ('20', '中国狸花猫\r\n', '中国狸花猫以前被视为难登大雅之堂的土猫，但近年来，许多爱猫人士都致力于中国纯种狸花猫的培育，2010年2月8日经过CFA中国长城猫俱乐部六年的努力，CFA终于认可是狸花这一中国本土自然品种。中国长城猫俱乐部为尊重中国人习惯，公布了狸花猫在国际上的标准名字为：Chinese LiHua。\r\n\r\n       中国是狸花猫的源产地，它属于自然猫，因为是在千百年中经过许多品种的自然淘汰而保留下来的品种。中国狸花猫多品种的自然淘汰而保留下来的品种。人们最熟悉的就要算是“狸猫换太子”（宋朝）的故事了，但中国关于狸花这一品种的介绍却远在此之前。2003CFA中国长城猫俱乐部向国际申请，将中国狸花猫做为中国特有猫种向世界展示，经过七年的努力，于2010年2月8日，CFA休斯顿董事会议上通过。狸花猫正式进入CFA。狸花猫在国际的名称依然延用中国名及发音“Chinese Li HUa Mao”。从此中国拥有了自己本土的纯种猫。', 'http://img.boqiicdn.com/Data/BK/A/1407/25/img41021406270518_y.jpg', '2');
INSERT INTO `encycle` VALUES ('21', '美短', '美国短毛猫外貌美丽,身体强壮健康,性格文静。一般来 说,它的寿命可达15~20年之久。小猫完全成长为成猫需3~ 4年的时间,雄性的体型明显比雌性大,雄性的体重为5.5~7.5千克,而雌性则为4~6千克。\r\n\r\n       美国短毛猫有超过80种的颜色及斑纹,由咖啡虎斑到纯白色加蓝眼睛,由玛瑙色到三色,其中银虎斑更是最为人熟悉的美国短毛猫颜色。一只理想的美国短毛猫应 拥有强壮而均匀的体型,身形中至大,虽然雌性不及雄性结实,但整体配合应与雄性一样。\r\n\r\n       身长略长于其高度。从侧面看,身体均分为三等份,尾巴长度与肩膊至尾巴底部的长度相等。头大,面颊 饱满,耳朵大小中等,耳尖略圆,两耳距离为眼睛距离的两倍。前额平滑,在头顶适当地突出,从正面看,两耳之间并没有明显的隆起。眼睛大而圆,上眼睑犹如一粒由中间破开的杏仁,下眼睑则是 圆形,外眼角位置较内眼角高,眼睛明亮、清澈、机灵。鼻子长度中等,从侧面看,向内弯的鼻梁从前额延伸至鼻尖,颚骨强壮,下巴结实并充分地展开,与上唇成平行线。颈中等长度,强壮有肌肉。腿结实,爪呈圆形,有厚厚的肉垫。被毛短、厚、均匀,质地较硬。\r\n\r\n       美国短毛猫的毛发披毛既短且厚，毛发较硬，披毛浓密，以抵御水气，寒冷和表皮损伤，毛色超过一百种，而CFA承认可的颜色共62种，其中包括白色、黑色、蓝色、红色、棕虎斑、银虎斑、红虎斑、蓝虎斑、虎斑补丁、双色、玳瑁色等。\r\n\r\n       美国短尾猫每天都会掉毛的，就像人每天都要掉30根左右的头发一样的。如果你家的猫是长毛的，一定要坚持每天梳毛。如果是短毛猫这样猫毛乱飞实在有点奇怪的，不过个猫的体质不同，你可以尝试先每天都梳毛，看效果如何，如果依然是很多很多的毛掉下来的话，你就要重新审视下你给美国短尾猫的营养了。其实就美国排名前10的猫粮来说，不是每只美国短尾猫都适合的。\r\n\r\n       以上这些就是我们今天说的美国短毛猫的形态特征和如何护理毛发，如果您想要养一只美国短毛猫不妨快快把它带回家吧，相信这只可爱的猫猫一定会给你的生活增添无限的乐趣。', 'http://img.boqiicdn.com/Data/BK/A/1407/15/img96871405418590_y.jpg', '2');
INSERT INTO `encycle` VALUES ('22', '波斯猫\r\n', '波斯猫，又被人称为波斯、金吉拉或喜马拉雅，拉丁学名为Persian。在人们的印象中，它们的名字就代表着贵族。在中国，大多数人开始饲养宠物猫也是从波斯猫开始。不过大部分饲养者所饲养的波斯猫并非纯种波斯猫，而是一些商家为迎合消费市场所繁育出来的非纯种波斯猫，这点从它们的价格就可以看出来，一般情况下，纯种波斯猫的价格在上千美元。\r\n\r\n       跟很多猫咪一样，虽然它们叫波斯猫，但并不是在波斯诞生的一个品种。波斯猫起源于波斯（伊朗），是人们以阿富汗土种长毛猫和土耳其或亚美尼亚地区的安哥拉长毛猫为基础、在英国经过100多年的选育繁殖而诞生的一个品种。据说维多利亚女王养了两只蓝色波斯猫，威尔士王子(爱德华七世)在猫展上对其大为褒奖，从此波斯猫的名声越来越大，公众也由此而为之倾慕。\r\n\r\n       CFA将波斯猫依毛色分布方式细分成7子种：Solid Color、Silver & Golden、Shaded & Smoke、Tabby、Parti-Color、Calico & Bi-Color、Himalayan。GCCF将波斯猫依毛色分布方式细分成12子种：Bi-Colour、Cameo、Chinchilla、Colourpoint、Exotic（Short haired, Persian type）、Golden、Pewter、Self、Shaded Silver、Smoke、Tortie Tabby、Tortie & White。\r\n\r\n       波斯猫在全球各地都有分布，虽然受到布偶猫、异国短毛猫、折耳猫等新晋猫咪来势汹汹的冲击，但波斯猫“最受宠主欢迎猫咪”的地位并未被动摇，这也足以说明波斯猫的魅力有多大。', 'http://img.boqiicdn.com/Data/BK/A/1407/1/img26681404208152_y.jpg', '2');
INSERT INTO `encycle` VALUES ('23', '暹罗猫\r\n', '暹罗猫，又叫泰国猫、西母猫，其英文名为Siamese，起源于14世纪，祖先为非纯种亚洲猫。虽然科学家手中并没有握着暹罗猫来源的证据，但他们相信暹罗猫是从泰国而来。据记载，暹罗猫早在几百年前就生活在泰国的皇宫和寺庙中，之后它们被作为外交礼物而送给其他国家。\r\n\r\n       关于暹罗猫第一次到达亚洲以外的地方，大多数认为是1884年英国驻泰国曼谷领事(1847-1916),从曼谷将一对饲养的暹罗猫Pho和Mia带回英国送给他的姊妹Lilian Jane Veley(以后Veley在1901年也成为了暹罗猫会的创办人之一)。然而翻阅纪录，美国总统莱斯福·凯斯在1878年就收到从曼谷的美国领事馆送来的一只暹罗猫作为礼物。这是第一次有历史记载暹罗猫离开亚洲，比登陆英国还要早了六年，只不过没有繁殖下去而己。1885年 Pho 和Mia 诞下了三只小暹罗猫Duen Ngai，Kalohom 和 Khromata。三只小猫和它们的父母在同年参加于伦敦水晶宫举办的猫展。暹罗猫独特的姿态和举止都带给与会者深刻的印象。不幸地，三只小猫在参展后不久便死了，死因却没有任何的纪录。\r\n\r\n       暹罗猫在泰国还被称为Wichien-maat，即“月亮钻石”的意思，这足以证明当地人对暹罗猫有多重视。据说，过去在泰国皇宫中，暹罗猫还有专人负责起居饮食，即便泰国出现经济危机，它们的生活也完全没有受到任何影响。\r\n\r\n       暹罗猫被很多人看作贵族，但跟另外一种猫中贵族波斯猫相比，它们则明显外向得多，它们活泼好动，一听到主人的声音就会立马回应。如果你希望身边有一只机灵的猫咪能打破无聊又平静的生活，那么暹罗猫一定不会让你失望。至于网上有人问，暹罗猫需不需要遛来消耗它们的体力，专家则表示暹罗猫在家的运动就可以满足身体运动的需求，如果担心暹罗猫活动不够，那就每天多陪它们来点游戏吧。', 'http://img.boqiicdn.com/Data/BK/A/1407/7/img50111404727569_y.jpg', '2');
INSERT INTO `encycle` VALUES ('24', '苏格兰折耳猫\r\n', '苏格兰折耳猫的外观可爱迷人，因此吸引了很多人的兴趣，但滑稽的是，当时它们在国外要比在家乡--英国的苏格兰更见，由于这个品种当时尚未得到猫迷管理委员会的承认，所以英国的培育者对其几乎不感兴趣。1973年这一品种在美国被接纳注册， 1984年才为不列颠猫协会承认，比美国足足晚了11年。突然生出折耳小猫的SUSIE便是苏格兰折耳猫最早的起源。不过 , 这种下折的耳朵实在是少有的突变。正因为过去有生出畸形猫的事情发生，所以有一段时期在英国被禁止繁殖。经过了培育者不断进行慎重的异种交配，终于繁殖出健康的小猫，并且曾在1978年荣获美国爱猫者协会（CFA）冠军。\r\n\r\n       苏格兰折耳猫刚出生的时候耳朵并不是折着的。大约三到四周大的时候，它们的耳朵才开始下折……或者就干脆不下折！直到小猫11周到12周大的时候，繁育者才能大致判断出它们的品相（宠物级，繁育级还是赛级）。目前，只有耳朵折下来的折耳猫才能参加比赛，当然，每个繁育者都希望繁育出能参加比赛的猫。但是立耳的折耳猫在繁育过程中的价值却是无价的。', 'http://img.boqiicdn.com/Data/BK/A/1407/17/img72541405569096_y.jpg', '2');
INSERT INTO `encycle` VALUES ('25', '俄罗斯蓝猫\r\n', '俄罗斯蓝猫，又叫俄国蓝猫、阿契安吉蓝猫、马耳他猫，英文名为Russian Blue，它们也有短毛种之贵族和冬之精灵的美誉。俄罗斯蓝猫起源于19世纪，早前只有在俄罗斯才有，现在则在全球各地都可以看到它们的身影。不仅在国内，即便是在全球，俄罗斯蓝猫的数量都很少，如果想要购买一只俄罗斯蓝猫，至少要准备十来万。如果你看到市面上有号称几千块就能买到的俄罗斯蓝猫，那么这些一定是杂交猫。\r\n\r\n       俄罗斯蓝猫的祖先起源于西伯利亚，这也是它们被称为冬天的精灵的原因。一开始俄罗斯蓝猫的祖先从俄罗斯被带去英国，为了保证其种群数量，一些动物繁育者就用暹罗猫与它们杂交，因此俄罗斯蓝猫便跟暹罗猫一样带有了一些东方情调。此外，一些繁育者还培育出一些俄罗斯蓝猫过渡性猫种，但这些过渡性猫种并没有被认可为俄罗斯蓝猫。\r\n\r\n       俄罗斯蓝猫引进中国的时间并不短，在1960年代它们便进入中国，俄罗斯蓝猫个性乖巧，又喜欢安静地待在一边，所以它们也得到不少国内爱猫者的喜欢。不过虽然它们很安静，但是它们也很粘人，几乎就是主人走到哪里，它们就会跟到哪里，因此如果你希望有自己的空间，那么俄罗斯蓝猫则不太适合成为你的宠物。如果你不介意脚边一直有个小东西跟着，那么俄罗斯蓝猫一定会成为你贴心的伴侣。', 'http://img.boqiicdn.com/Data/BK/A/1407/11/img46311405073374_y.jpg', '2');
INSERT INTO `encycle` VALUES ('26', '卡尔特猫\r\n', '关于卡尔特猫这个品种历史悠久,品种的起源说法各种各样,据说在古时候卡尔特的短羊毛状的毛皮曾经被当成水濑毛皮来卖！现代来说,卡尔特猫起源于法国,别名传教士蓝猫,在法国生存了已有几个世纪之久。\r\n\r\n       传说CARTHUSIAN教士把卡尔特猫从南非带回，并养育了这些猫。那么这个品种的起源是什么呢？有人认为它的名字表现了它浓密，羊毛状的，类似一种叫CHARTREUX堆的西班牙羊毛纤维；还有人，如FIZNIGER，假定它是曼纽猫和埃及猫的杂交后代。事实上，卡尔特猫祖先可能起源于伊朗，叙利亚和土耳其山区，那里恶劣的环境需要它有厚厚的被毛。在十字军东征时期有一些卡尔特猫传入了法国。\r\n\r\n       在法国,虽然会捉老鼠的猫咪很受农家欢迎，但为了保持卡尔特猫闪亮的披毛，它并没有被繁殖来做为猎鼠猫，反而经常被人们饲养着，直到1970左右，它的血统才流传到美国。现存量很少。', 'http://img.boqiicdn.com/Data/BK/P/img49891406109364.jpg', '2');
INSERT INTO `encycle` VALUES ('27', '伯曼猫\r\n', '伯曼猫，也有人将它们称为波曼猫、缅甸圣猫等，它们是中型猫，拉丁学名为Birman。虽然现在在世界各地均有分布，不过传说过去它们只在缅甸生活，并且被寺庙里的僧人所饲养，因为要守护大殿，所以它们也被人们认为是护殿神猫。\r\n\r\n       在传入欧洲定型后，伯曼猫先后在发过和英国被确定为固定品种，随后它们漂洋过海也在美国得到认可。伯曼猫具有类似波斯猫和喜玛拉雅猫的体型，以及暹罗猫的斑点。它们骨胳强壮，头宽而圆，鼻直面丰；面颊和耳朵均呈V字形；全身被覆银白色长毛，而面部、耳朵、腿、尾部毛的颜色渐深，四爪则为白色，如同戴了白手套一样，故有“四蹄踏雪”之称。\r\n\r\n       关于伯曼猫的毛色还有一个美丽的传说：几百年前，亚洲的高棉人修建了一座女神庙，供奉有着一双宝石蓝色眼睛的金色女神。虔诚的修士Mum-Ha常常跪在女神像前默默地冥想，他养在庙里的漂亮白色猫咪Sinh也坐在他身边注视着女神。在一个漆黑的夜晚，盗贼袭击了庙宇并杀害了Mum-Ha。Mum-Ha死后，Sinh将它的脚放在主人的身上并将脸朝向女神像。正在这时，它的白色毛皮变成了金黄色，黄色的眼睛变成了女神像那样的宝石蓝色，而它的四只白色的腿也变成了土地一样的棕色——但是放在主人身上的脚仍然是雪白的，象征着纯洁。第二天早上，庙里的一百多只白猫全都变成Sinh一样的颜色。自此Sinh不曾离开神坛一步，在七日后也离开世界，带着主人的灵魂进入天堂。从那以后，只要这座庙中有猫死去，人们就会说有个修士的灵魂也随着它去了。\r\n\r\n       正因为带有这种宗教色彩的光环，伯曼猫充满了无线的神秘感，不过想要饲养这样的猫咪可能就比较困难了，因为国内目前还没有引进这个品种，一般都是饲养者从国外带回来的，所以如果碰到有人兜售伯曼猫，一定要问清楚猫咪的来源哦，否则很容易就被骗了。', 'http://img.boqiicdn.com/Data/BK/A/1407/2/img25711404295632_y.jpg', '2');
INSERT INTO `encycle` VALUES ('28', '夏特尔猫', '夏特尔猫原产于法国，据说是由法国夏特尔派的修道院僧侣培育出来的品种。在法国，虽然会捉老鼠的猫咪很受农家欢迎,但为了保持夏特尔猫闪亮的披毛，夏特尔猫并没有被繁殖来做为猎鼠猫，反而经常被人们饲养着，直到1970年左右，它的血统才流传到美国。\r\n\r\n       在十字军东征时期有一些CHARTREUX猫传入了法国。20世纪20年代，法国育种专家将CHARTREUX猫和波斯猫(详情介绍)杂交，而正式的育种方案到1926才出台。1926年，姓LEGER的姐妹两人开始用法国MORBIHAN地方BELLE-ILE-SUR-MER四处流浪的渲染色蓝猫进行育种。在界定了其身体特征后，JUMAUD博士(1930年)将这些猫取名为FELIS　CATTUS　CARTUSINORUM。该品种在1931年在巴黎的猫俱乐部得到公开展示。第一个品种标准在1939年公布。20世纪的60年代和70年代，该品种和蓝色英国短毛猫的杂交如此频繁，以到于1970年FIFe将这两个品种合并。\r\n\r\n       难道CHARTREUX猫品种就这样命中注定要消失吗?事实并非如此。CHARTREUX猫俱乐部的总裁SIMONNET向FIFe提供了有力的证据，证明了该品种的权威性，从而促使FIFe重下决定，将这两个品种分开，并禁止它们继续杂交。第一只CHARTREUX猫进入美国是在1970年。CFA和TICA都承认该品种。在古时候它的短羊毛状的皮毛曾经被当成水濑毛皮来卖!CHARTREUX猫在法国生存了已有几个世纪之久。\r\n\r\n       在16世纪，JOACHIMDU　BELLAY曾为他的小灰猫BELAUD而哀悼;18世纪，BUFFON在自然历史一书中将CHARTREUX猫说成是法国之猫;而LINNE为了将它和安哥拉猫区别开来，把它叫做FELIS　CATTUS　CAERULEUX，或蓝猫。', 'http://img.boqiicdn.com/Data/BK/A/1407/25/img80361406253600_y.jpg', '2');
INSERT INTO `encycle` VALUES ('29', '新加坡猫\r\n', '新加坡猫起源于新加坡，别称为狮城猫，英文名为Singapura、Kucinta，它们是世界上体型最小的猫咪，因此得到不少猫友的关注。新加坡猫也是有别称的，不过它们的别称不太讨人喜欢——阴沟猫、下水道猫，它们的别称跟它们的生活环境有关，在很早之前，新加坡猫并没有受到当地居民的欢迎，它们被迫居住在阴沟或下水道中，因此当地人直接以阴沟猫和下水道猫来称呼它们。那么新加坡猫是如何一跃成为宠物猫的呢？\r\n\r\n       起初，这种猫在其发源地并不被重视，1970年代初期，在东南亚工作的地球物理学家Hal把一些当地的原生猫送给住在美国的Tommy Meadow进行繁育。1974年，Hal调往新加坡工作，随她前往新加坡的，还有一只蓝色缅甸猫、一只绝育的紫色缅甸猫，以及三只她曾送给Tommy的猫的后代。直到1975年，Hal带着五只小猫返回美国，根据记录，1980年时还有一只名叫“智子”（Chiko）的小猫被Barbara Gilbertson从新加坡爱护动物协会（SPCA）进口到美国。\r\n\r\n       Hal返回美国后，Tommy Meadow在英国遗传学专家的咨询指导下开始了狮城猫品种的繁育计划。1985年，他们成功的获得了通体棕色的小猫，并确认一些狮城猫携带着纯色的隐性基因。育种者随即尝试一种测试性的交配程序以确定携带纯色基因的种猫，但3年后，只有7只猫被确认并被作为宠物饲养。\r\n\r\n       1987年，一位名为Gerry Mayes的狮城猫饲养者前往新加坡寻找到更多的原生猫，并将其带到美国在TICA注册，如今这一品种依然十分罕见，但育种者和宠物主人仍然在专注于该品种的培育。直到1991年，新加坡政府才将这种猫认可为“国猫”。\r\n\r\n       关于新加坡猫为什么能成为体型最小的猫咪，基因固然是重要因素，其狭小的生活环境（下水道、阴沟等）也决定了它们不能长得太大，否则猫咪有可能因为无处藏身而遭到人类的捕杀。此外，由于体型的关系，不少人在见到成年新加坡猫时会误以为见到了未成年猫咪。不过也正是因为这个原因，新加坡猫才被更多人所喜爱。', 'http://img.boqiicdn.com/Data/BK/A/1407/7/img81404728450_y.jpg', '2');
INSERT INTO `encycle` VALUES ('30', '日本短尾猫\r\n', '日本短尾猫是日本土生土长的猫种，在日本饲养的历史可追溯到很多世纪以前。传入美国后经过改良培育而成。据说有一个住在日本的美国女性爱猫者，发现日本有一种猫，尾巴像兔尾一样短，很是可爱。在二次世界大站结束后，她带了几只猫回国。这几只猫就是现在的日本短尾猫的祖先。现在日本短尾猫已跻身于世界著名观赏猫的行列，但在英国尚未得到公认。日本短尾猫坐着的时候往往要抬起一只前爪，据说这种姿势代表吉祥如意;玳瑁色-白色花猫则被认为大吉大利。三色猫常出现在一些国家的文艺作品和绘画中。日本短尾猫也叫花猫或短尾花猫，这种猫历史悠久，有人认为它是1000多年前由中国或朝鲜传入日本的。日本人认为花猫是幸运的象征，因此有很多家庭饲养。 1968年由日本传到美国，但欧洲饲养的不多。', 'http://img.boqiicdn.com/Data/BK/P/img70661405933355.jpg', '2');
INSERT INTO `encycle` VALUES ('31', '虎皮鹦鹉\r\n', '关注鹦鹉的人一定不会对虎皮鹦鹉陌生，它们是非常常见的一种鹦鹉，在很多养鸟的家庭中能看到它们。不少人在第一次见到虎皮鹦鹉时可能就会发现，虎皮鹦鹉的叫声并不动听，但这也不是它们的“卖点”，它们那身十分美丽的羽毛才是让人们产生好感的关键。\r\n\r\n       虽然虎皮鹦鹉来自澳大利亚，但它们在全球都很普遍，出现此现象的原因主要有两点——1.虎皮鹦鹉易于照顾和繁殖；2.虎皮鹦鹉变种很多，羽毛鲜艳，很多人会选择它们做宠物。一般情况下，虎皮鹦鹉可活过7岁，如果饲养得当，寿命会延长不少。\r\n\r\n       除了虎皮鹦鹉这个名字外，它们还会被唤为背黄青鹦鹉、脊黄青鹦鹉或脊黄青鹦哥。此外，当你听到别人提及娇凤、长尾恋爱鸟、彩凤、石燕、鹦哥、五色小鹦鹉或阿苏儿时，他们指的其实也是虎皮鹦鹉。', 'http://img.boqiicdn.com/Data/BK/A/1409/17/img99961410945991_y.jpg', '3');
INSERT INTO `encycle` VALUES ('32', '垂耳兔\r\n', '垂耳兔是现今最受人们欢迎的宠物兔品种，不同于其他兔子，垂耳兔的耳朵是向下垂的，并且体型也并不会很大，性格温顺，能与人类生活的很融洽，缺点就是寿命很短暂，一般寿命在7~8岁。\r\n\r\n垂耳兔是20世纪70年代发现的，在1980年美国兔子繁殖者协会（ARBA）展会中，才获得公认的新品种。这类品种的兔子的耳朵下垂，从外观来看有短毛、中毛、长毛之分，脸型也有所区别。成年体重2.5kg，体长40cm左右。个体的大小，毛色，体长等与其他兔子各不相同。欧洲有多种垂耳兔，“垂耳兔”是它们的通称。', 'http://img.boqiicdn.com/Data/BK/P/imagick23101542252746.jpg', '3');
INSERT INTO `encycle` VALUES ('33', '安哥拉兔\r\n', '安哥拉兔就是网络上很红的草泥兔，其实这是一个很普通的毛用兔品种，产毛量大且价格不昂贵，所以草泥兔并不像羊驼那样稀缺，相反，养殖安哥拉兔的饲养场在国内有很多。现在，人们越来越喜欢毛茸茸的宠物，所以安哥拉兔也走进了普通家庭，最为宠物饲养。\r\n\r\n安哥拉兔源于土耳其的安卡拉省，安卡拉旧时西方称为安哥拉（Angora），1930年应土耳其邮政法的要求改称土耳其语名“安卡拉”。因其毛细长，有点像安哥拉山羊及安哥拉猫，故名为安哥拉兔。因法国王室在18世纪中期将其作为宠物，因此而该世纪末在欧洲流行。', 'http://img.boqiicdn.com/Data/BK/P/imagick69641542253012.jpg', '3');
INSERT INTO `encycle` VALUES ('34', '布丁仓鼠\r\n', '布丁仓鼠的体色非常特别，由于其独特的毛色，并且性格温顺，所以非常受欢迎，那么这种仓鼠的外形特点和习性有哪些特别的呢？就让小编来告诉你。\r\n\r\n　　布丁仓鼠背上的条纹为橙色或金色的称为黄布丁，毛色为乳白色的称为白布丁；他们的个性很温和，跟人们的互动性高，而且照顾容易，所以很适合成为新手或小朋友的小型宠物鼠。布丁鼠和其它宠物鼠一样，具有不占空间，喂食、清洁方便的特点，个性温驯。布丁鼠很怕热，夏天需要调节温度。布丁和银狐能繁殖出金狐，但看上去金狐和白布丁极为相似。这个品种很少见，所以价格较高。', 'http://img.boqiicdn.com/Data/BK/P/imagick78011542253157.jpg', '3');
INSERT INTO `encycle` VALUES ('35', '标准灰龙猫\r\n', '日本动漫大师宫崎骏的电影《龙猫》让我们认识了这种外形敦厚可爱的动物，很多人对于龙猫可能并不是非常熟悉。其实，龙猫本名南美洲栗鼠，只是因为电影，所以被香港人改名叫龙猫。\r\n\r\n　　标准灰龙猫原产于南美洲安第斯山脉上的高原。龙猫中文学名叫栗鼠或绒鼠，又名毛丝鼠，由拉丁名Chinchilla直译过来，是一种史前已存在的啮齿类动物。它的寿命平均为八至十年，最长可达二十年；性格活泼、好动，喜欢跳来跳去，又富好奇心，由于龙猫仔干净、温驯、易打理又无虱，可说是城市人的理想宠物。\r\n\r\n　　虽然都是鼠类，但是龙猫和仓鼠却有着许多不同之处。仓鼠是杂食性动物而南美洲栗鼠是吃素的，它们的消化系统不同。仓鼠是双排卵管而南美洲栗鼠是单排卵管，所以仓鼠（包括仓鼠）可以每20天就生一窝仔而南美洲栗鼠每年只能产仔1-2次且每次产仔1-2只的概率是80%.\r\n\r\n　　龙猫平均寿命有8~10年。因为食素的缘故，故龙猫的排泄物一般没有异味。南美洲栗鼠毛发紧密不益滋生寄生虫，很爱干净，如果不小心弄乱了毛发，就会蹲在那里整理半天。它不需要你给它洗澡，有特别的浴粉，跳进去它就会自己打滚来清理全身。南美洲栗鼠性情相当温顺，个性犹如小孩子一样的可爱。而且最神奇的一点是它居然有自己的表情，你甚至可以看到它做不可思议状，做思考状。', 'http://img.boqiicdn.com/Data/BK/P/imagick98301542253304.jpg', '3');
INSERT INTO `encycle` VALUES ('36', '奶茶仓鼠\r\n', '奶茶仓鼠生性较懒惰。对外界的反应不是很敏悦，通俗的说法就是该仓鼠比较老实，或者说更加笨傻一些。由于奶茶仓鼠的身世不名，具有神秘的背景，又加上市面上的奶茶数量很少，奶茶的市场价格曾经一度直追老婆婆仓鼠。\r\n　　在早些时候很多鼠友因为价格原因以及对奶茶仓鼠的不了解，不是很敢买来饲养，不过奶茶的繁殖情况与其他三线类仓鼠类似，奶茶的数量也在日增，也逐渐为大多鼠友所认可，于是很多人都以能拥有一个奶茶为荣。\r\n　　奶茶仓鼠的毛色像极了珍珠奶茶的颜色，它们的眼睛是呈黑色的，背线为灰色的仔细看还是比较清晰的，但也有部分是没有背线的（有鼠友称此为极品奶茶），它们属三线仓鼠(详情介绍)中最漂亮的一种。', 'http://img.boqiicdn.com/Data/BK/P/imagick6781542253783.jpg', '3');
INSERT INTO `encycle` VALUES ('37', '西施熊\r\n', '西施熊的毛发有多种颜色，外观靓丽，性格温顺非常讨人喜，是仓鼠中不可多得的宠物品种。西施熊的眼睛是黑色的，倘若是红色的或是其他颜色的均属失格。\r\n　　西施熊的定义来看称得上西施熊应该具备以下几个条件：\r\n　　1.它的眼睛是黑色，而且没有眼圈。\r\n　　2.它的毛分为亮毛与不亮毛两种。唯一的不亮毛的仅有黑色种。\r\n　　3.它脸部较宽较圆。\r\n　　4.它的毛量更多、更长。\r\n　　5.公西施熊全身长着长毛；母西施熊身体局部长着长毛。\r\n　　6.西施熊属于叙利亚仓鼠，所以保留着祖先留下的特征——肉垫。\r\n　　7.叙利亚仓鼠性格都比较温顺，杂交品种由于各种基因的不稳定性，攻击性更高。', 'http://img.boqiicdn.com/Data/BK/P/img34591409565340.jpg', '3');
INSERT INTO `encycle` VALUES ('38', '天竺鼠\r\n', '天竺鼠（Cavia porcellus）源自于南美洲，又名豚鼠、葵鼠、荷兰猪、几内亚猪，此鼠在当地很受人们喜欢，性情温顺，小巧可爱，照顾起来也比较方便，因此有很多人愿意饲养它当宠物。\r\n　　天竺鼠其名字的来源可能是因为从前一只卖一个 \"Guinea\" (此为古时的英国铜板)，又长得胖胖的像猪因此称为Guinea Pig；有也人认为是源自于非洲的Guinea而称之，也有人认为是源自于南美洲当时与欧洲来往频繁的Guyana而后写成Guinea之故。而中文称之为天竺鼠猜测可能最初是由天竺(现今的印度)方向传进中国因而称之为 \"天竺\" 鼠。世界上有些组织争先恐后得致力繁殖竺鼠，人们培育出了多种毛色不一，形态各异的品种。', 'http://img.boqiicdn.com/Data/BK/P/img84161409037646.jpg', '3');
INSERT INTO `encycle` VALUES ('39', '画眉鸟\r\n', '画眉鸟（Garrulax Canorus）的外观给人感觉很朴素，虽然没有五彩缤纷的羽色，但该鸟有着十分洪亮的嗓音，歌声悠扬婉转，非常动听，一直是国内有名的笼鸟。\r\n　　画眉鸟喜欢栖息于山丘的灌丛和村落附近的灌丛或竹林中，机敏而胆怯，常在林下的草丛中觅食，不善作远距离飞翔。雄鸟在繁殖期常单独藏匿在杂草及树枝间极善鸣啭，声音十分洪亮，歌声悠扬婉转，非常动听，是有名的笼鸟。杂食性，主要取食昆虫，特别在繁殖季节嗜食昆虫；兼食草籽、野果。分布于老挝、越南北部和中国的东南沿海地区，在华中、华南、海南及台湾地区的为留鸟。为广州市市鸟', 'http://img.boqiicdn.com/Data/BK/A/1410/8/img98361412733996_y.jpg', '3');
INSERT INTO `encycle` VALUES ('40', '巨型花明兔\r\n', '巨型花明兔是现今存在的最大的宠物兔，在国内市场比较少见，但是在国外，饲养的人还是很多的。巨型花明兔不适合城市里的人饲养，因为这是一种很能吃的兔子，体型很大，饲养起来比较麻烦。\r\n\r\n巨型花明兔原产于比利时，而后经由美国计划研发，在当地进行选育配种，就此奠定出巨型花明兔种，它们属于体型最大的家庭宠物兔子，已经有十分悠久的历史，一般认为，早在1860年此品种就被学者发现了，学名为Flemish Giant，既被称为Giant，可以见得巨型花明兔的体型是多么巨大。', 'http://img.boqiicdn.com/Data/BK/P/img65341405667543.jpg', '3');
INSERT INTO `encycle` VALUES ('41', '海棠兔\r\n', '大型海棠兔与侏儒海棠兔的外观差距不大，唯一的区别就是个体的大小，大型海棠兔比较常见，而侏儒海棠兔在我国的数量不多。海棠兔的外观很可爱，并不会像垂耳兔一样耳朵下垂，通常是直立的。海棠兔的身体是纯白色，只有围着眼睛的毛是黑色的，看似有个黑眼圈，而耳朵是呈“V”型，身体强壮。黑白分明的眼线，让海棠兔看起来就像熊猫，模样十分讨人喜欢。一些海棠兔的耳朵也是黑色的，或是只有一个黑色的边，总之，辨别海棠兔最大的特征就是一白二黑：通体是白色，眼圈和耳朵是黑色，通常就是海棠兔了。', 'http://img.boqiicdn.com/Data/BK/P/img69431407210318.jpg', '3');
INSERT INTO `encycle` VALUES ('42', '蓝黄金刚鹦鹉\r\n', '蓝黄金刚鹦鹉的体色是最美丽的鹦鹉之一了，寿命长达60年，它们的体型也不小，很适合当宠物鸟饲养，成年人饲养幼鸟，养得好的可以陪伴你一生哦。\r\n　　蓝幻金刚鹦鹉面部无羽毛，布满了条纹，有点像京剧中的花脸脸谱。尾极长，属大型攀禽。成年后身长在86-94厘米；翼展104-114厘米；尾长40-50厘米，差不多占体长的一半；体重995-1380克 ；该物种额部为黄绿色，自额后至整个上体为翠蓝色，眼先及颊部裸露，呈肉白色。自嘴基部经眼睛下方至耳部有3条黑色羽排列而成的横纹，眼先部还有6-7条由黑色毛羽排列而成的竖纹，颏部和喉部为黑色，从耳的后部至胸部、腹部为橙黄色，翅膀和尾羽为紫蓝色。初级飞羽的覆羽为紫蓝色，内羽为黑色，尾下覆羽为翠蓝色。雄鸟和雌鸟的羽毛颜色基本一样，只是雄鸟的头部要比雌鸟宽一些。黄蓝金刚鹦鹉羽毛的整体主色调为蓝色，额部有些黄色的羽毛，虹膜淡黄色，鸟喙呈铅黑色，爪子铅灰色。', 'http://img.boqiicdn.com/Data/BK/P/img1081411033514.jpg', '3');
INSERT INTO `encycle` VALUES ('43', '松鼠猴\r\n', '成年的松鼠猴体长大概在20cm-40cm之间不等，尾巴比身子长约42cm。而成年后松鼠猴的体重仅750g-1100g。极具观赏价值。\r\n　　松鼠猴体形纤细，它们尾巴短，毛厚且柔软，体色鲜艳多彩，口缘和鼻吻部为黑色，眼圈、耳缘、鼻梁、脸颊、喉部和脖子两侧均为白色，头顶是灰色到黑色。背部、前肢、手和脚为红色或黄色，腹部呈浅灰色。它们具有一对眼距宽宽的大眼睛，和一对大耳朵。尾巴可以缠绕在树枝上。', 'http://img.boqiicdn.com/Data/BK/P/img7631408095635.jpg', '3');
INSERT INTO `encycle` VALUES ('44', '土拔鼠\r\n收藏\r\n', '土拔鼠属于打洞高手，被毛的颜色与泥土的颜色也非常相似，它给人的第一感觉是非常机灵的。顾名思义，此鼠善于挖掘地洞，土拔鼠属于啮齿目松鼠科，它们不贮存食物，有冬眠的习惯，因此在夏天它们会在体内贮存脂肪以便冬季在洞内冬眠。\r\n　　土拔鼠多数都在白天活动，喜群居，善掘土，所挖地道深达数米，内有铺草的居室，非常舒适。土拨鼠并不是田鼠。与其它鼠类的区别之一是：旱獭的洞口较大，且洞外有旱獭常走的路痕迹。', 'http://img.boqiicdn.com/Data/BK/P/img35731409038244.jpg', '3');
INSERT INTO `encycle` VALUES ('45', '寿带鸟\r\n收藏\r\n', '寿带鸟(详情介绍)（Asian Paradise-Flycatcher），别名非常多，比较经典的几个有白带子、三光鸟、一枝花、紫带子等等，它的别名都是根据该鸟的外形长相起的，它是一种美丽的森林和平原林区鸟类。\r\n　　寿带鸟的羽色鲜艳，特别是雄鸟有两根非常长的中央尾羽，甚为透明，是著名的观赏鸟，另外寿带鸟捕食大量害虫，对农林业有益，是重要益鸟，故需严加保护。', 'http://img.boqiicdn.com/Data/BK/P/img13141407318388.jpg', '3');
INSERT INTO `encycle` VALUES ('46', '太平洋鹦鹉\r\n', '太平洋鹦鹉理想的成年体长应在12cm左右，理想的成年体重应在33g左右。因它的体型小以及好性格受到很多爱鸟人称赞，饲养的人也越来越多。\r\n　　太平洋鹦鹉的脸颊和喉咙呈浅黄绿色，眼睛后面有蓝眼纹，枕和后颈蓝灰色，翕灰绿色，上背部和小覆羽至翼肩灰褐色，下背部，臀部，小覆羽和腋羽深钴蓝色，初级和次级覆羽深蓝色，次级覆羽外侧的羽毛和初级飞羽内侧羽毛深蓝色。下体绿色，侧面和胸部两侧灰色。鸟喙角质色，眼睛褐色。雌鸟在雄鸟的蓝色翅膀处则是绿色，眼睛和臀部背后具蓝色色调，枕和后颈蓝灰色，幼鸟灰色，下体苍白。', 'http://img.boqiicdn.com/Data/BK/P/img44861408355579.jpg', '3');
INSERT INTO `encycle` VALUES ('47', '金龙鱼\r\n收藏\r\n', '金龙鱼属于少数古生鱼类的品种，现在很多人都会将龙鱼当做风水鱼来饲养。而非常特别的金龙鱼在挑选上也有很多注意要点，金龙鱼也可以分为好几个品系，你是否懂得如何挑选呢？\r\n\r\n　　金龙鱼有不同形态的几个品系，名贵的有过背金龙鱼和红龙鱼。过背金龙鱼原产于马来西亚，红龙鱼主要出产于印度尼西亚。此外还有出产于澳大利亚的星点龙（珍珠龙）和出产于南美亚马逊河的银龙和黑龙等。过背金龙鱼与银龙鱼、黑龙鱼(详情介绍)较容易区别，与红龙鱼和青龙鱼在鱼苗阶段则难以区分，一般人需待它长大才能分辨青龙鱼鳞片泛青，一般不具金色；红龙鱼的金色鳞片只长到由腹部往上第四排，体色逐渐变红；过背金龙鱼则顾名思义其金色辚片可长过背部覆盖全身。祥见龙鱼图片。', 'http://img.boqiicdn.com/Data/BK/P/img66091409821579.jpg', '4');
INSERT INTO `encycle` VALUES ('48', '鹦鹉鱼\r\n', '鹦鹉鱼由于其嘴型酷似鹦鹉的嘴型而得名，成年的鹦鹉鱼体长可达1.2公尺，体重可达20公斤。鹦鹉鱼在野生环境下是生活在珊瑚礁中的热带鱼，所以人工饲养的时候需要注意水温。\r\n\r\n　　鹦鹉鱼，因为颜色跟鹦鹉一样绚丽闻名，体色不一。同种中雌雄差异很大，成鱼和幼体鱼之间差别也很大。印度洋－太平洋地区的主要鹦嘴鱼有带纹鹦嘴鱼（Callyodon fasciatus），长46公分（18寸）。雄鱼为绿橙或绿红两色，雌鱼为蓝色和黄色相间。大西洋的种类有王后鹦嘴鱼（Scarus vetula），体长约50公分（50寸），雄性体色蓝，带有绿、红与橙色，而雌鱼呈淡红或紫色，有一白色条纹。', 'http://img.boqiicdn.com/Data/BK/P/img971413021054.jpg', '4');
INSERT INTO `encycle` VALUES ('49', '银龙鱼\r\n收藏\r\n', '由于银龙鱼(详情介绍)在亚洲是作为风水鱼来饲养的，所以非常受水族爱好者的欢迎。龙鱼的体型酷似古代神话中的“龙”，而银龙鱼的体色也非常特别，所以银龙鱼是我国主要的观赏鱼之一。\r\n\r\n　　银龙鱼体呈长带形，侧扁，尾呈扇形，背鳍和臀的呈带形，向后延伸至尾柄基部。下颚比上颚突出，长有一对短而粗的须。在其宽大的鱼体上整齐地排列着五排大鳞片，在光线照射下，闪烁着银色的光。各鳍在光照下，反射出畅红或橙色的光泽。幼鱼体色较蓝，背的和臀嗜均有红蓝色边缘。金龙鳞片边缘呈金黄色，各鳍均为金黄红色。红龙体色为金黄色，鳞片边缘呈金红色，口及鳃盖均有深红色斑块，各鳍均为深红色。银龙体呈银白色，黑龙体色为银白色而略带浅青紫色，背均为篮黑色。', 'http://img.boqiicdn.com/Data/BK/P/img40561412848237.jpg', '4');
INSERT INTO `encycle` VALUES ('50', '孔雀鱼\r\n', '孔雀鱼的适温在22到26度之间，成鱼一般我是控制在22到24度，幼鱼则是控制在24至26度度左右。有些鱼友鱼友则把幼鱼温度提高到27、8度，认为这样幼鱼才活跃，食量和新陈代谢增加，才能发育的快，此话说的不假，但这种高温的负面影响却被忽视掉了。在这种高温下，幼鱼新陈代谢过快，即使吃的再多，也供不上代谢出去的速度快，尤其是钙质，因此在一段时间后就可能会出现突发畸形等病症。\r\n\r\n　　孔雀鱼留做种亲鱼的，基本都是冬天繁育出的鱼，原因也主要是在冬季水温恒定适宜的。', 'http://img.boqiicdn.com/Data/BK/P/img1631405652928.jpg', '4');
INSERT INTO `encycle` VALUES ('51', '金鱼\r\n', '1、草种：叶城金鲫种。主要有单尾草鱼和燕尾草鱼，身体侧扁呈纺锤形，有背鳍，胸鳍呈三角形，长而尖，他们是金鱼的原始种类，是目前我国大面积养殖水体中的主要金鱼品种。 图为金鲫 尾鳍较短，单叶，呈凹尾形；全身均为橙红色， 是最古老的金鱼品种。\r\n\r\n　　2、文种：金鱼文种是由草金鱼经过家化驯养和不断地选种育良后演化而来的，俯视鱼体，犹如“文”字，故名文种金鱼。文种金鱼的花色和品种繁多，其中大部分品种是国际市场上声誉很高的畅销货。常见的文种金鱼分为高头（帽子）类、珍珠（珍鳞）类和文鱼类。\r\n\r\n　　3、龙种：古往今来，龙种金鱼一直被视为正宗的中国金鱼，它因有一双特别大的眼睛而闻名。自1895年传入日本后，一直被称为中国金鱼。\r\n\r\n　　4、蛋种：蛋种金鱼体型短圆，形似鸭蛋而得名。其生命力较龙种、文种金鱼墙，生长速度快。蛋种金鱼是国际市场上的名品，其主要特征是体短而肥，形如鸭蛋，无背鳍。有成双的尾鳍和臀鳍。鳍的长、短和形状差异较大。一般绒球、水泡、虎头等的鳍短小而圆；丹凤、翻鳃、红头等的鳍较长大。', 'http://img.boqiicdn.com/Data/BK/A/1407/17/img33461405585975_y.jpg', '4');
INSERT INTO `encycle` VALUES ('52', '地图鱼\r\n', '地图鱼是一种比较常见的热带鱼，他们体型较大，行动迟缓，虽然习性并不凶猛，但是食量却大的惊人。有经验的鱼友们也有训练地图鱼的情况，甚至还有能认出主人的地图鱼，还有一些训练有素的地图鱼甚至会从水族箱中跃起水面接受主人手中的饵料。', 'http://img.boqiicdn.com/Data/BK/P/img57131407405131.jpg', '4');
INSERT INTO `encycle` VALUES ('53', '彩虹鲨\r\n收藏\r\n', '彩虹鲨属于比较容易饲养的热带鱼品种，也是属于热带鱼中体型偏中、大型的品种，其成年最大体长可以达到12厘米，身体像梭形，体高可达5－6厘米。\r\n\r\n　　彩虹鲨的体态和红尾黑鲨相似，长达12厘米。吻端有短须，游动迅速，体呈长梭形，稍侧扁，尾鳍呈叉状，幼鱼阶段体色是很浅的混合色，接近成色时呈青灰色，各鳍均呈红色，但不艳丽，在光照之下，闪闪生辉。所以一直受到大家的喜欢。\r\n\r\n　　彩虹鲨体延长而侧扁。腹部轮廓较为平坦。口前位，吻端具短须。背鳍高且呈三角形，位于鱼体之中后方，整体看来类似鲨鱼之体型。体色一致为黑色，雄鱼体色较深。各鳍均呈深黑色，唯尾鳍为鲜橘红色，胸鳍则淡色，或微橘黄色。\r\n\r\n', 'http://img.boqiicdn.com/Data/BK/P/img10331407144522.jpg', '4');
INSERT INTO `encycle` VALUES ('54', '大正三色锦鲤\r\n', '大正三色是在公元1900年的日本大正时代培育出的墨色色斑的红、白、黑的三色锦鲤，所以命名为大正三色。其习性和锦鲤一样，只是花斑和别的品种略有不同。大正三色的名声非常响，和红白锦鲤同为锦鲤的代表品种。', 'http://img.boqiicdn.com/Data/BK/P/img21261407317364.jpg', '4');
INSERT INTO `encycle` VALUES ('55', '鹤顶红金鱼\r\n', '由于鹤顶红金鱼的外形特点非常特殊，所以象征着长寿吉祥的意思，此外，在一些人的心中，鹤顶红还有“鸿运当头”的寓意。由于鹤顶红的要求十分严格，价钱也很高，所以如何鉴别鹤顶红金鱼是需要鱼友们学习的。\r\n\r\n　　鹤顶红金鱼全身洁白如玉，头稍尖圆，唯头顶生成一块微微凸 起的红色肉斑，似白鹤头顶上的红冠，格外耀目。鱼龄越老，其红色 肉斑隆起越丰满。近几年来，河北五家庄地区的鹤顶红，当年鱼头顶部红色肉斑病高隆起，呈方印形，厚实丰满，覆盖头顶，北方称其 “红头帽子”，是鹤须红中的优种；其幼鱼头顶红斑明显隆起而饱满，有别于一般鹤顶红。\r\n\r\n　　鹤顶红属文种类，有背鳍，纯正而名贵的鹤顶红，不论是头顶上的红色肉瘤，还是两鳃上的肉瘤，都比红帽子和齐鳃红发达得多。\r\n\r\n', 'http://img.boqiicdn.com/Data/BK/P/img4651407922625.jpg', '4');
INSERT INTO `encycle` VALUES ('56', '红剑鱼\r\n收藏\r\n', '　红剑鱼主要分布在墨西哥、危地马拉。现在的剑鱼经过人工育种，体色已经出现很多变化了，除了红色，还有白色、蓝色等。红剑鱼的饲养比较容易，身体也非常强壮。\r\n\r\n　　红剑鱼原来的体长可达10厘米～12厘米，人工饲养后变小型化，约7厘米～8厘米。体似纺锤形，和月鱼相似，但尾柄较长，背鳍居中，腹鳍腹位，突出标志是雄鱼尾鳍下叶延长似剑，有的超过体长，由此得名。自然界中的原始种体色呈浅蓝绿色。雄鱼尾鳍下缘延伸出一针状鳍条。俗称剑尾，雌鱼无剑尾，剑尾鱼是水族箱中不可缺少的品种。通过人工育种，其体色更加丰富，有红、白、蓝色等。其代表鱼有红剑、青剑、白剑、黑鳍红剑、黑鳍白剑、鸳鸯剑等。', 'http://img.boqiicdn.com/Data/BK/P/img17171409045135.jpg', '4');
INSERT INTO `encycle` VALUES ('57', '黑魔鬼\r\n', '黑魔鬼的魔鬼主要表达了这种鱼的神秘性，由于黑魔鬼喜欢在夜间活动，并且全身漆黑如墨，捕食的时候又非常迅速，所以命名黑魔鬼。\r\n\r\n　　这种原产于南美洲的巴西及亚马逊河流域的黑魔鬼有攻击性，喜欢夜行，全身漆黑如墨，游姿灵巧，美妙，捕猎时速度极快。全身漆黑如墨，头尖，尾鳍延长似棒状，尾鳍有两个白色环。靠体内的弱电流来感觉水流、障碍物和食物等，造型奇特。体形较为侧扁，背部光滑呈弧线形，腹鳍和臀鳍相连，呈波浪状直达尾部，似一条黑色花边勾勒出鱼的曲线图。', 'http://img.boqiicdn.com/Data/BK/P/img82571408095719.jpg', '4');
INSERT INTO `encycle` VALUES ('58', '金边透红小丑鱼\r\n', '金边透红小丑鱼的个体比其他小丑鱼要小，成年体长只能达到6.5厘米，所以建议饲养的水族箱在90升以上即可。金边透红小丑鱼是比较常见的小丑鱼，那么他们的外形又有哪些特点呢？\r\n\r\n　　金透红小丑身体颜色为暗红色，带有黄色条纹，非常美丽。幼鱼期，是白色条纹，成年后变为黄色条纹。金边透红小丑鱼身体橘红色，头部后面有一条白色斑纹，背部一条白线延伸到尾部。可以在水族箱中繁育，如果发现两条小丑总是呆在一起，那么它们很可能是一对，母鱼是一对中较大的那只。', 'http://img.boqiicdn.com/Data/BK/P/img94971409735818.jpg', '4');
INSERT INTO `encycle` VALUES ('59', '黑裙鱼\r\n', '黑裙鱼的体型和同属的其他品种相似，并且黑裙鱼有食卵的习性，所以当黑裙鱼繁殖后一定要记得将雌雄鱼捞出来隔离。\r\n\r\n　　黑裙鱼最大特点是：从背鳍起到尾部后缘，包括背鳍、臀鳍、脂鳍，后半身均为黑色，而前半身均为银白色，上面还有黑色纵纹。黑裙鱼受惊恐时体色会变淡，随着鱼龄的增长，身上的黑色也会逐渐变淡。\r\n\r\n　　体高、侧扁，最长可达8厘米。前半身银灰色，有2条黑长斑，后半身黑色，背鳍高而短在背鳍上中部。背鳍、脂鳍、臀鳍均黑色，尾鳍深叉形透明无色。臀部与腹部一样宽大，臀鳍也特别宽大延长直至尾柄，构成了奇特的形体，游动犹如摇滚舞。', 'http://img.boqiicdn.com/Data/BK/P/img92081408353141.jpg', '4');
INSERT INTO `encycle` VALUES ('60', '喜鹊花\r\n', '金鱼(详情介绍)品种喜鹊花是的外形及颜色都非常特殊，喜鹊花的鱼体颜色基调为蓝色，在水中游动会随着光照而出现变化，非常好看。喜鹊花的头尾高头，有着和金鱼相同的习性特征。\r\n\r\n　　喜鹊花的鱼体基调色为蓝色，腹部蓝色素褪成白色。各鳍黑色，头部黑色，鱼体黑白分明，因酷似喜鹊而得名。它多来源于蓝高头或蓝龙睛等蓝色金鱼，蓝色反光组织减少或退化，导致部分金鱼体表蓝色自动褪掉，形成白色；而另一部分体表色素加深，形成黑色，黑白相映，即喜鹊花。', 'http://img.boqiicdn.com/Data/BK/P/img73541411894812.jpg', '4');
INSERT INTO `encycle` VALUES ('61', '木瓜鱼\r\n收藏\r\n', '木瓜鱼在收到惊吓的时候，鱼体会释放毒素，所以人工饲养木瓜鱼是不能喝其他观赏鱼混养的。并且，木瓜鱼也会攻击其他的小鱼。\r\n\r\n　　木瓜鱼体长10－15cm，鲀全身金黄色，体表密布黑色圆点。背鳍后移到尾柄，与臀鳍上下对称。眼睛位于头顶。全身被一个坚硬的骨板外壳所包裹，不能活动。只有嘴部和尾柄露出壳外，可自由活动。鱼体游动缓慢。木瓜鱼的食道构造特殊，使潜水艇鱼在遇到敌害或受惊吓时，吸入空气和水，使胸腹部膨大如球，表皮小刺竖立，浮于水面装死，以此自卫，待安全后，迅速排放胸腹中的空气与水后快速游走。此外，它还有咬齿习性，被捕后会发出“咕咕”响声。', 'http://img.boqiicdn.com/Data/BK/P/img17731410512943.jpg', '4');
INSERT INTO `encycle` VALUES ('62', 'rfsfd', 'sfsf', 'http://192.168.6.24:8001/public/upFile/1599204883477logo.png', '1');
INSERT INTO `encycle` VALUES ('63', 'grg', 'vgfgr', 'http://192.168.6.24:8001/public/upFile/1599209456017柯基.jpg', '1');
INSERT INTO `encycle` VALUES ('64', 'dsdsf', 'dsfdf', 'http://localhost:8001/public/upFile/1599366856557橘猫.jpg', '2');
INSERT INTO `encycle` VALUES ('65', 'rdrf', 'dfdfg', 'http://localhost:8001/public/upFile/1599394857805橘猫.jpg', '2');
INSERT INTO `lunbo` VALUES ('9', 'http://localhost:8001/public/upFile/1599318017903柯基.jpg', '1');
INSERT INTO `lunbo` VALUES ('10', 'http://img.boqiicdn.com/Data/U/P/img34715b8f863ff137e.jpg', '1');
INSERT INTO `lunbo` VALUES ('11', 'http://localhost:8001/public/upFile/1599366796693dog.jpg', '1');
INSERT INTO `lunbo` VALUES ('12', 'http://img.boqiicdn.com/Data/U/P/img22075b8f866787dfc.jpg', '2');
INSERT INTO `lunbo` VALUES ('13', 'http://localhost:8001/public/upFile/1599394885059柯基.jpg', '2');
INSERT INTO `lunbo` VALUES ('14', 'http://img.boqiicdn.com/Data/U/P/img95515b8f873ac7865.jpg', '2');
INSERT INTO `lunbo` VALUES ('15', 'http://img.boqiicdn.com/Data/U/P/img19845b8f874a82f5c.jpg', '3');
INSERT INTO `lunbo` VALUES ('16', 'http://img.boqiicdn.com/Data/U/P/img47895b8f8751dae7b.jpg', '3');
INSERT INTO `lunbo` VALUES ('17', 'http://img.boqiicdn.com/Data/U/P/img35915b8f875905e99.jpg', '3');
INSERT INTO `lunbo` VALUES ('18', 'http://img.boqiicdn.com/Data/U/P/img94655b8f8764c8840.jpg', '4');
INSERT INTO `lunbo` VALUES ('19', 'http://img.boqiicdn.com/Data/U/P/img54365b8f876e2e113.jpg', '4');
INSERT INTO `lunbo` VALUES ('20', 'http://img.boqiicdn.com/Data/U/P/img35515b8f8775402ee.jpg', '4');
INSERT INTO `orderp` VALUES ('4', '296434', '成都金牛区营门口街道', '2020-09-02 21:44:50', '13212345678', '鹤轩', '酷极Kyjen 耐咬网球训导狗狗玩具', '2', '11', '已完成');
INSERT INTO `orderp` VALUES ('6', '318441', '成都武侯区', '2020-09-02 21:49:32', '13212345678', '王炳', '宝路Pedigree 大型犬成犬洁齿棒 125g 狗零食', '7', '139', '未处理');
INSERT INTO `orderp` VALUES ('7', '376830', '成都双流区', '2020-09-02 21:51:23', '13212345678', '蔡文姬', '宝路Pedigree 牛肉肝蔬菜中小型成犬粮', '6', '617', '未处理');
INSERT INTO `orderp` VALUES ('8', '295817', '成都双流区', '2020-09-02 01:51:23', '13212345678', '虞姬', '法国皇家Royal Canin 小型成犬粮', '4', '617', '未处理');
INSERT INTO `orderp` VALUES ('9', '651964', '成都锦江区', '2020-09-02 21:54:04', '13112345678', '孙权', '法国皇家Royal Canin 小型成犬粮', '1', '99', '未处理');
INSERT INTO `orderp` VALUES ('10', '814131', '重庆渝北区', '2020-09-02 21:57:03', '133123456789', '鲁班', '怡亲Yoken 鱼肉味火腿肠奖励猫零食', '2', '38', '已完成');
INSERT INTO `orderp` VALUES ('11', '768800', '成都金牛区', '2020-09-03 11:24:01', '13212345678', '张亮', '路斯 三文鱼肉丁', '2', '20', '已完成');
INSERT INTO `orderp` VALUES ('12', '825091', '成都金牛区', '2020-09-03 14:54:49', '13312345678', '张良', '金丽高SolidGold 无谷物抗敏配方全猫粮 12磅/5.44kg', '1', '418', '已完成');
INSERT INTO `orderp` VALUES ('13', '656783', '湖南长沙', '2020-08-03 19:33:56', '15288776536', '胡雨', '贵为GiGwi 健宝球狗狗玩具', '1', '74', '处理中');
INSERT INTO `orderp` VALUES ('15', '456126', '四川达州', '2020-09-06 23:33:44', '17266565437', '星宇', '路斯 三文鱼肉丁', '4', '40', '处理中');
INSERT INTO `orderp` VALUES ('16', '553656', '成都武侯区', '2020-09-06 12:09:34', '19888782568', '张良', '路斯 三文鱼肉丁', '2', '20', '未处理');
INSERT INTO `orderp` VALUES ('17', '433324', '成都青羊区', '2020-09-05 16:57:54', '16566768878', '王金晶', '路斯 三文鱼肉丁', '12', '120', '未处理');
INSERT INTO `orderp` VALUES ('18', '35705', '成都金牛区', '2020-09-06 20:05:14', '13312345678', 'meiyinfen', '捣蛋鬼 训犬爱心拍 63cm 狗狗玩具*3个 ', '1', '53', '未处理');
INSERT INTO `orderp` VALUES ('19', '455199', '成都金牛区', '2020-09-06 20:05:14', '13312345678', 'meiyinfen', '吉印Air Stone S2增氧泵蓝色 配增氧管', '1', '53', '未处理');
INSERT INTO `orderp` VALUES ('20', '367636', '成都金牛区', '2020-09-06 20:11:45', '13312345678', 'meiyinfen', '一品红血鹦鹉鱼食增红鱼饲料热带鱼发财鱼增色鱼食金鱼红鹦鹉鱼饲料', '2', '38', '未处理');
INSERT INTO `product` VALUES ('10', '麦富迪 清口香梦幻混合装咬胶磨牙狗零食 220g', '麦富迪 清口香梦幻混合装咬胶磨牙狗零食 220g', '20', 'https://img-new.boqiicdn.com/Data/Shop/1/140/14051/shoppicpath11595412463_y.jpg?imageView2/2/w/360/h/360/q/100/interlace/0', '1', '102', '100');
INSERT INTO `product` VALUES ('11', '路斯 牛肉味磨牙棒 200g ', '路斯 牛肉味磨牙棒 200g 洁齿狗零食', '40', 'https://img-new.boqiicdn.com/Data/Shop/1/184/18467/shoppicpath11540375475_y.jpg?imageView2/2/w/360/h/360/q/100/interlace/0', '1', '102', '185');
INSERT INTO `product` VALUES ('12', '酷极Kyjen 耐咬网球训导狗狗玩具', '酷极Kyjen 耐咬网球训导狗狗玩具', '99.9', 'https://img-new.boqiicdn.com/Data/Shop/0/92/9206/shoppicpath11548209941_y.jpg?imageView2/2/w/360/h/360/q/100/interlace/0', '1', '103', '197');
INSERT INTO `product` VALUES ('13', '捣蛋鬼 训犬爱心拍 63cm 狗狗玩具*3个 ', '捣蛋鬼 训犬爱心拍 63cm 狗狗玩具*3个 好质量软塑胶', '19.2', 'https://img-new.boqiicdn.com/Data/Shop/2/249/24958/shoppicpath11540464145_y.jpg?imageView2/2/w/360/h/360/q/100/interlace/0', '1', '103', '299');
INSERT INTO `product` VALUES ('14', '宜特 训练玩具', '宜特 训练玩具', '14.4', 'https://img-new.boqiicdn.com/Data/Shop/4/404/40423/shoppicpath11597388605_y.jpg?imageView2/2/w/360/h/360/q/100/interlace/0', '1', '103', '44');
INSERT INTO `product` VALUES ('15', '星记Starmark 狗狗训练飞盘', '星记Starmark 狗狗训练飞盘', '58', 'https://img-new.boqiicdn.com/Data/Shop/2/265/26546/shoppicpath11537958090_y.jpg?imageView2/2/w/360/h/360/q/100/interlace/0', '1', '103', '54');
INSERT INTO `product` VALUES ('16', '贵为GiGwi 独创G-Ball高弹力发声网球', '贵为GiGwi 独创G-Ball高弹力发声网球 中大型犬用', '20', 'https://img-new.boqiicdn.com/Data/Shop/2/299/29946/shoppicpath21544695275_y.jpg?imageView2/2/w/360/h/360/q/100/interlace/0', '1', '103', '444');
INSERT INTO `product` VALUES ('17', '贵为GiGwi 健宝球狗狗玩具', '贵为GiGwi 健宝球狗狗玩具', '73.6', 'https://img-new.boqiicdn.com/Data/Shop/2/299/29960/shoppicpath21538277619_y.jpg?imageView2/2/w/360/h/360/q/100/interlace/0', '1', '103', '545');
INSERT INTO `product` VALUES ('18', '宜特 狗狗耐咬磨牙训练发声玩具球', '宜特 狗狗耐咬磨牙训练发声玩具球', '13.2', 'https://img-new.boqiicdn.com/Data/Shop/2/282/28273/shoppicpath11533709160_y.jpg?imageView2/2/w/360/h/360/q/100/interlace/0', '1', '103', '46546');
INSERT INTO `product` VALUES ('21', '妙多乐CatChow 均衡营养全价成猫粮 1.5kg', '妙多乐CatChow 均衡营养全价成猫粮 1.5kg', '41.1', 'https://img-new.boqiicdn.com/Data/Shop/0/75/7569/shoppicpath11540783769_y.jpg?imageView2/2/w/360/h/360/q/100/interlace/0', '2', '201', '46546');
INSERT INTO `product` VALUES ('22', '法国皇家Royal Canin 理想体态营养成猫粮2kg ', '法国皇家Royal Canin 理想体态营养成猫粮2kg F32', '93.7', 'https://img-new.boqiicdn.com/Data/Shop/0/5/500/shoppicpath11566284902_y.jpg?imageView2/2/w/360/h/360/q/100/interlace/0', '2', '201', '461232');
INSERT INTO `product` VALUES ('23', '法国皇家Royal Canin 1-4个月幼猫奶糕粮 400g', '法国皇家Royal Canin 1-4个月幼猫奶糕粮 400g BK34', '30.5', 'https://img-new.boqiicdn.com/Data/Shop/0/30/3097/shoppicpath11566284054_y.jpg?imageView2/2/w/360/h/360/q/100/interlace/0', '2', '201', '232443');
INSERT INTO `product` VALUES ('24', '喜乐比Sharlovy 鸡肉', '喜乐比Sharlovy 鸡肉三文鱼全期猫粮 1.4kg', '26.5', 'https://img-new.boqiicdn.com/Data/Shop/0/64/6482/shoppicpath11575279285_y.jpg?imageView2/2/w/360/h/360/q/100/interlace/0', '2', '201', '45656');
INSERT INTO `product` VALUES ('25', '路斯 三文鱼肉丁', '路斯 三文鱼肉丁 35g 美毛亮毛猫零食', '9.9', 'https://img-new.boqiicdn.com/Data/Shop/1/145/14554/shoppicpath11538215767_y.jpg?imageView2/2/w/360/h/360/q/100/interlace/0', '2', '202', '232434');
INSERT INTO `product` VALUES ('26', '优倍滋 冻干零食全家桶500g ', '优倍滋 冻干零食全家桶500g 犬猫通用 增肥发腮', '54.5', 'https://img-new.boqiicdn.com/Data/Shop/3/365/36543/shoppicpath41585287870_y.jpg?imageView2/2/w/360/h/360/q/100/interlace/0', '2', '202', '2545666');
INSERT INTO `product` VALUES ('27', '怡亲Yoken 鱼肉味火腿肠奖励猫零食', '怡亲Yoken 鱼肉味火腿肠奖励猫零食 12g*30支', '19', 'https://img-new.boqiicdn.com/Data/Shop/2/277/27714/shoppicpath11529055022_y.jpg?imageView2/2/w/360/h/360/q/100/interlace/0', '2', '202', '545545');
INSERT INTO `product` VALUES ('28', '日本伊纳宝 妙好金枪鱼味烤鸡胸肉奖励猫零食', '日本伊纳宝 妙好金枪鱼味烤鸡胸肉奖励猫零食 1只', '5.8', 'https://img-new.boqiicdn.com/Data/Shop/1/177/17712/shoppicpath11516763380_y.jpg?imageView2/2/w/360/h/360/q/100/interlace/0', '2', '202', '5464');
INSERT INTO `product` VALUES ('29', '日本伊纳宝 妙好 烤鸡肉卷 金枪鱼 扇贝味', '日本伊纳宝 妙好 烤鸡肉卷 金枪鱼 扇贝味 30g 猫零食', '6', 'https://img-new.boqiicdn.com/Data/Shop/1/177/17709/shoppicpath11516763347_y.jpg?imageView2/2/w/360/h/360/q/100/interlace/0', '2', '202', '42434');
INSERT INTO `product` VALUES ('30', '顽皮Wanpy 鳕鱼软片奖励猫零食', '顽皮Wanpy 鳕鱼软片奖励猫零食 25g', '6.9', 'https://img-new.boqiicdn.com/Data/Shop/2/225/22564/shoppicpath11597833485_y.jpg?imageView2/2/w/360/h/360/q/100/interlace/0', '2', '202', '43545');
INSERT INTO `product` VALUES ('31', '怡亲 冻干鸡蛋黄 50g ', '怡亲 冻干鸡蛋黄 50g 猫狗零食', '19.9', 'https://img-new.boqiicdn.com/Data/Shop/3/379/37978/shoppicpath41590653228_y.jpg?imageView2/2/w/360/h/360/q/100/interlace/0', '2', '202', '5434545');
INSERT INTO `product` VALUES ('32', '怡亲Yoken 柠檬香型膨润土猫砂 4kg', '怡亲Yoken 柠檬香型膨润土猫砂 4kg 双重去味', '19.9', 'https://img-new.boqiicdn.com/Data/Shop/1/147/14783/shoppicpath11571907877_y.jpg?imageView2/2/w/360/h/360/q/100/interlace/0', '2', '203', '545');
INSERT INTO `product` VALUES ('33', '莎美特Sanmate 吸水耐用型膨润土猫砂', '莎美特Sanmate 吸水耐用型膨润土猫砂(10L) 7.5kg 预计9月1号发货', '23.9', 'https://img-new.boqiicdn.com/Data/Shop/0/80/8026/shoppicpath11562817339_y.jpg?imageView2/2/w/360/h/360/q/100/interlace/0', '2', '203', '45232');
INSERT INTO `product` VALUES ('34', '怡亲Yoken 薰衣草香味水晶猫砂', '怡亲Yoken 薰衣草香味水晶猫砂3.8L 1.4kg', '19.9', 'https://img-new.boqiicdn.com/Data/Shop/1/191/19161/shoppicpath11586414675_y.jpg?imageView2/2/w/360/h/360/q/100/interlace/0', '2', '203', '45');
INSERT INTO `product` VALUES ('35', '怡亲Yoken 薰衣草香味水晶猫砂', '怡亲Yoken 薰衣草香味水晶猫砂 3.8L*3包 4.2kg 强力吸水', '52', 'https://img-new.boqiicdn.com/Data/Shop/2/233/23360/shoppicpath11586415565_y.jpg?imageView2/2/w/360/h/360/q/100/interlace/0', '2', '203', '433');
INSERT INTO `product` VALUES ('36', '怡亲 Yoken膨润土去味结团猫砂', '怡亲 Yoken膨润土去味结团猫砂10kg', '21.5', 'https://img-new.boqiicdn.com/Data/Shop/3/392/39247/shoppicpath11596166045_y.jpg?imageView2/2/w/360/h/360/q/100/interlace/0', '2', '203', '231');
INSERT INTO `product` VALUES ('37', '怡亲Yoken 活性炭豆腐砂猫砂 2.5kg 除臭易结团 ', '怡亲Yoken 活性炭豆腐砂猫砂 2.5kg 除臭易结团 可冲厕所', '29.9', 'https://img-new.boqiicdn.com/Data/Shop/3/358/35834/shoppicpath11584008317_y.jpg?imageView2/2/w/360/h/360/q/100/interlace/0', '2', '203', '112');
INSERT INTO `product` VALUES ('38', '多可特 剑麻猫抓柱', '多可特 剑麻猫抓柱 猫咪玩具', '29', 'https://img-new.boqiicdn.com/Data/Shop/3/383/38393/shoppicpath11591672137_y.jpg?imageView2/2/w/360/h/360/q/100/interlace/0', '2', '204', '2449');
INSERT INTO `product` VALUES ('39', 'ZEZE 多功能台灯猫爬架 含趣味小球', 'ZEZE 多功能台灯猫爬架 含趣味小球 能睡能玩能磨爪', '120.6', 'https://img-new.boqiicdn.com/Data/Shop/3/309/30916/shoppicpath11567654549_y.jpg?imageView2/2/w/360/h/360/q/100/interlace/0', '2', '204', '995');
INSERT INTO `product` VALUES ('40', '伊丽 绒布玩具款猫爬架猫玩具 简约轻奢', '伊丽 绒布玩具款猫爬架猫玩具 简约轻奢 释放猫咪天性', '126.4', 'https://img-new.boqiicdn.com/Data/Shop/3/347/34768/shoppicpath11597653160_y.jpg?imageView2/2/w/360/h/360/q/100/interlace/0', '2', '204', '54');
INSERT INTO `product` VALUES ('41', 'zeze 独角兽猫爬架', 'zeze 独角兽猫爬架 磨爪攀爬', '161.9', 'https://img-new.boqiicdn.com/Data/Shop/3/392/39228/shoppicpath21595312071_y.jpg?imageView2/2/w/360/h/360/q/100/interlace/0', '2', '204', '4566');
INSERT INTO `product` VALUES ('42', 'zeze 荷叶猫爬架', 'zeze 荷叶猫爬架 磨爪攀爬', '359.9', 'https://img-new.boqiicdn.com/Data/Shop/3/392/39229/shoppicpath31595312395_y.jpg?imageView2/2/w/360/h/360/q/100/interlace/0', '2', '204', '4523');
INSERT INTO `product` VALUES ('43', 'zeze 仙人球圆形爬架', 'zeze 仙人球圆形爬架', '53.1', 'https://img-new.boqiicdn.com/Data/Shop/3/392/39230/shoppicpath11595312882_y.jpg?imageView2/2/w/360/h/360/q/100/interlace/0', '2', '204', '23');
INSERT INTO `product` VALUES ('44', 'NEW AGE健康宠兔粮2.75kg', 'NEW AGE健康宠兔粮2.75kg(全龄段)', '33', 'https://img-new.boqiicdn.com/Data/Shop/1/128/12877/shoppicpath11586933100_y.jpg?imageView2/2/w/360/h/360/q/100/interlace/0', '3', '301', '343');
INSERT INTO `product` VALUES ('45', 'New Age特优提摩西草段800g', 'New Age特优提摩西草段800g', '29.2', 'https://img-new.boqiicdn.com/Data/Shop/1/118/11812/shoppicpath11562826684_y.jpg?imageView2/2/w/360/h/360/q/100/interlace/0', '3', '301', '232');
INSERT INTO `product` VALUES ('46', '洁西Jessie 兔子豚鼠龙猫不锈钢草球草架玩具', '【清仓】洁西Jessie 兔子豚鼠龙猫不锈钢草球草架玩具', '23.9', 'https://img-new.boqiicdn.com/Data/Shop/2/227/22709/shoppicpath11492409737_y.jpg?imageView2/2/w/360/h/360/q/100/interlace/0', '3', '301', '231');
INSERT INTO `product` VALUES ('47', '纽安吉 仓鼠龙猫等消臭吸水木粒', '纽安吉 仓鼠龙猫等消臭吸水木粒6L', '26.7', 'https://img-new.boqiicdn.com/Data/Shop/0/74/7438/shoppicpath11586933072_y.jpg?imageView2/2/w/360/h/360/q/100/interlace/0', '3', '301', '43434');
INSERT INTO `product` VALUES ('48', '凯莉幼年草垫 小宠用品', '凯莉幼年草垫 小宠用品 KY76', '6.5', 'https://img-new.boqiicdn.com/Data/Shop/0/70/7029/shoppicpath11563256923_y.jpg?imageView2/2/w/360/h/360/q/100/interlace/0', '3', '301', '2323');
INSERT INTO `product` VALUES ('49', '路伯 除臭仓鼠木屑 仓鼠用品龙猫木屑荷兰猪兔子仓鼠桦木屑垫料', '路伯 除臭仓鼠木屑 仓鼠用品龙猫木屑荷兰猪兔子仓鼠桦木屑垫料', '5', 'https://img-new.boqiicdn.com/Data/Shop/2/207/20705/shoppicpath21473154143_y.jpg?imageView2/2/w/360/h/360/q/100/interlace/0', '3', '301', '323');
INSERT INTO `product` VALUES ('50', '豚鼠仓鼠金丝熊兔子零食 混粮主粮伴侣纯生小油葵zoog组格酷品 小宠脱脂棉保暖用品', '豚鼠仓鼠金丝熊兔子零食 混粮主粮伴侣纯生小油葵100g', '4', 'https://img-new.boqiicdn.com/Data/Shop/2/219/21927/shoppicpath11586933209_y.jpg?imageView2/2/w/360/h/360/q/100/interlace/0', '3', '302', '23');
INSERT INTO `product` VALUES ('51', 'Minishow 迷你秀仓鼠盛宴营养鼠粮', 'Minishow 迷你秀仓鼠盛宴营养鼠粮800g', '13', 'https://img-new.boqiicdn.com/Data/Shop/0/66/6657/shoppicpath11561519928_y.jpg?imageView2/2/w/360/h/360/q/100/interlace/0', '3', '302', '232');
INSERT INTO `product` VALUES ('52', 'zoog组格酷品 小宠脱脂棉保暖用品', 'zoog组格酷品 小宠脱脂棉保暖用品', '6.8', 'https://img-new.boqiicdn.com/Data/Shop/3/336/33665/shoppicpath11565340494_y.jpg?imageView2/2/w/360/h/360/q/100/interlace/0', '3', '302', '32');
INSERT INTO `product` VALUES ('53', 'zoog组格酷品 森林木屋仓鼠窝', 'zoog组格酷品 森林木屋仓鼠窝 趣味攀爬', '17.8', 'https://img-new.boqiicdn.com/Data/Shop/3/336/33651/shoppicpath51565336960_y.jpg?imageView2/2/w/360/h/360/q/100/interlace/0', '3', '302', '3231');
INSERT INTO `product` VALUES ('54', 'zoog组格酷品', 'zoog组格酷品 小宠陶瓷食盆', '7.8', 'https://img-new.boqiicdn.com/Data/Shop/3/336/33660/shoppicpath21565338898_y.jpg?imageView2/2/w/360/h/360/q/100/interlace/0', '3', '302', '213');
INSERT INTO `product` VALUES ('55', '宠波尔 小宠仓鼠静音大跑轮', '宠波尔 小宠仓鼠静音大跑轮 转轮 运动轮', '7', 'https://img-new.boqiicdn.com/Data/Shop/0/66/6673/shoppicpath11562640827_y.jpg?imageView2/2/w/360/h/360/q/100/interlace/0', '3', '302', '213');
INSERT INTO `product` VALUES ('56', 'zoog组格酷品 小宠磨牙石', 'zoog组格酷品 小宠磨牙石 健齿补钙', '4.6', 'https://img-new.boqiicdn.com/Data/Shop/3/336/33644/shoppicpath11565333625_y.jpg?imageView2/2/w/360/h/360/q/100/interlace/0', '3', '302', '32');
INSERT INTO `product` VALUES ('57', 'zoog组格酷品 游戏纸条小宠玩具', 'zoog组格酷品 游戏纸条小宠玩具', '4.8', 'https://img-new.boqiicdn.com/Data/Shop/3/336/33666/shoppicpath11565341102_y.jpg?imageView2/2/w/360/h/360/q/100/interlace/0', '3', '302', '3422');
INSERT INTO `product` VALUES ('58', 'New Age经典配方龙猫粮饲料', 'New Age经典配方龙猫粮饲料1kg', '17.5', 'https://img-new.boqiicdn.com/Data/Shop/1/128/12860/shoppicpath11586934250_y.jpg?imageView2/2/w/360/h/360/q/100/interlace/0', '3', '303', '43');
INSERT INTO `product` VALUES ('59', '纽安吉NEW AGE 全日蔬果美毛龙猫粮', '纽安吉NEW AGE 全日蔬果美毛龙猫粮 800g', '18.9', 'https://img-new.boqiicdn.com/Data/Shop/1/141/14185/shoppicpath11565753993_y.jpg?imageView2/2/w/360/h/360/q/100/interlace/0', '3', '303', '43');
INSERT INTO `product` VALUES ('60', '中盈高品质龙猫笼 龙猫别墅 3层龙猫大笼子', '中盈高品质龙猫笼 龙猫别墅 3层龙猫大笼子 魔王松鼠笼', '189', 'https://img-new.boqiicdn.com/Data/Shop/0/96/9619/shoppicpath11483692283_y.jpg?imageView2/2/w/360/h/360/q/100/interlace/0', '3', '303', '45');
INSERT INTO `product` VALUES ('61', 'carno 木质龙猫玩具用品跳板木屋', '【清仓】carno 木质龙猫玩具用品跳板/窝/木屋/吊链/多款可选', '7.9', 'https://img-new.boqiicdn.com/Data/Shop/0/74/7444/shoppicpath21393480920_y.jpg?imageView2/2/w/360/h/360/q/100/interlace/0', '3', '303', '4');
INSERT INTO `product` VALUES ('62', '聚宝源 锦鲤金鱼通用鱼粮育成2mm颗粒', '聚宝源 锦鲤金鱼通用鱼粮育成2mm颗粒 150g', '9.9', 'https://img-new.boqiicdn.com/Data/Shop/2/279/27944/shoppicpath11561528991_y.jpg?imageView2/2/w/360/h/360/q/100/interlace/0', '4', '401', '56');
INSERT INTO `product` VALUES ('63', '聚宝源 锦鲤金鱼通用鱼粮育成4mm颗粒', '聚宝源 锦鲤金鱼通用鱼粮育成4mm颗粒 1500g', '36.8', 'https://img-new.boqiicdn.com/Data/Shop/2/277/27793/shoppicpath11532682919_y.jpg?imageView2/2/w/360/h/360/q/100/interlace/0', '4', '401', '5');
INSERT INTO `product` VALUES ('64', '聚宝源 小型鱼热带鱼鱼粮1mm颗粒', '聚宝源 小型鱼热带鱼鱼粮1mm颗粒 240ml', '9.9', 'https://img-new.boqiicdn.com/Data/Shop/2/278/27805/shoppicpath11533094548_y.jpg?imageView2/2/w/360/h/360/q/100/interlace/0', '4', '401', '6');
INSERT INTO `product` VALUES ('65', '聚宝源 金鱼鱼粮3mm颗粒', '聚宝源 金鱼鱼粮3mm颗粒 500g', '18.8', 'https://img-new.boqiicdn.com/Data/Shop/2/278/27801/shoppicpath11532671959_y.jpg?imageView2/2/w/360/h/360/q/100/interlace/0', '4', '401', '5');
INSERT INTO `product` VALUES ('66', '一品红血鹦鹉鱼食增红鱼饲料热带鱼发财鱼增色鱼食金鱼红鹦鹉鱼饲料', '一品红血鹦鹉鱼食增红鱼饲料热带鱼发财鱼增色鱼食金鱼红鹦鹉鱼饲料', '18.9', 'https://img-new.boqiicdn.com/Data/Shop/1/134/13454/shoppicpath11509094900_y.jpg?imageView2/2/w/360/h/360/q/100/interlace/0', '4', '401', '6');
INSERT INTO `product` VALUES ('67', '锦跃锦鲤饲料色扬（玩家版', '锦跃锦鲤饲料色扬（玩家版）2000克L号桶装', '76.9', 'https://img-new.boqiicdn.com/Data/Shop/2/236/23619/shoppicpath11501747312_y.jpg?imageView2/2/w/360/h/360/q/100/interlace/0', '4', '401', '56');
INSERT INTO `product` VALUES ('68', '聚宝源 热弯鱼缸透明玻璃多款创意缸乌龟缸生态造景办公桌水族箱', '【清仓】聚宝源 热弯鱼缸透明玻璃多款创意缸乌龟缸生态造景办公桌水族箱', '125', 'https://img-new.boqiicdn.com/Data/Shop/1/182/18243/shoppicpath11448260011_y.jpg?imageView2/2/w/360/h/360/q/100/interlace/0', '4', '402', '5');
INSERT INTO `product` VALUES ('69', '聚宝源 超白玻璃鱼缸乌龟缸草缸金鱼缸', '聚宝源 超白玻璃鱼缸乌龟缸草缸金鱼缸 JKL380', '98.9', 'https://img-new.boqiicdn.com/Data/Shop/2/280/28081/shoppicpath11536305230_y.jpg?imageView2/2/w/360/h/360/q/100/interlace/0', '4', '402', '6');
INSERT INTO `product` VALUES ('70', '闽江生态鱼缸', '闽江生态鱼缸1.2 米1.5水族箱底滤玻璃大型中型创意屏风金鱼缸', '2380', 'https://img-new.boqiicdn.com/Data/Shop/2/200/20066/shoppicpath11461225647_y.jpg?imageView2/2/w/360/h/360/q/100/interlace/0', '4', '402', '54');
INSERT INTO `product` VALUES ('71', '聚宝源鱼缸水族箱', '聚宝源鱼缸水族箱中小型高清创意生态金鱼缸桌面水族箱', '248', 'https://img-new.boqiicdn.com/Data/Shop/1/139/13977/shoppicpath11428656501_y.jpg?imageView2/2/w/360/h/360/q/100/interlace/0', '4', '402', '6');
INSERT INTO `product` VALUES ('72', '聚宝源鱼缸水族箱', '聚宝源鱼缸水族箱S400-白色', '138', 'https://img-new.boqiicdn.com/Data/Shop/2/228/22893/shoppicpath11495185994_y.jpg?imageView2/2/w/360/h/360/q/100/interlace/0', '4', '402', '546');
INSERT INTO `product` VALUES ('73', '森森HW系列静音缸外过滤器鱼缸外置过滤桶水族箱过滤设备', '森森HW系列静音缸外过滤器鱼缸外置过滤桶水族箱过滤设备', '188', 'https://img-new.boqiicdn.com/Data/Shop/1/193/19314/shoppicpath11460529378_y.jpg?imageView2/2/w/360/h/360/q/100/interlace/0', '4', '403', '5');
INSERT INTO `product` VALUES ('74', '聚宝源 壁挂式过滤器', '聚宝源 壁挂式过滤器 J1-900', '59', 'https://img-new.boqiicdn.com/Data/Shop/2/277/27755/shoppicpath11532418248_y.jpg?imageView2/2/w/360/h/360/q/100/interlace/0', '4', '403', '6');
INSERT INTO `product` VALUES ('75', '吉印Air Stone S2增氧泵蓝色 配增氧管', '【清仓】吉印Air Stone S2增氧泵蓝色 配增氧管1.5米+气泡盘1个', '34', 'https://img-new.boqiicdn.com/Data/Shop/2/228/22836/shoppicpath11493867060_y.jpg?imageView2/2/w/360/h/360/q/100/interlace/0', '4', '403', '54');
INSERT INTO `product` VALUES ('76', '聚宝源 增氧泵', '聚宝源 增氧泵J3-505', '36.9', 'https://img-new.boqiicdn.com/Data/Shop/2/278/27876/shoppicpath11563259513_y.jpg?imageView2/2/w/360/h/360/q/100/interlace/0', '4', '403', '43');
INSERT INTO `product` VALUES ('77', '海亿 龙鱼灯', '海亿 龙鱼灯', '40', 'https://img-new.boqiicdn.com/Data/Shop/1/147/14781/shoppicpath11429082483_y.jpg?imageView2/2/w/360/h/360/q/100/interlace/0', '4', '403', '4');
INSERT INTO `product` VALUES ('78', '聚宝源鱼网 鱼捞 普通手柄 方形 金鱼热带鱼渔捞', '聚宝源鱼网 鱼捞 普通手柄 方形 金鱼热带鱼渔捞 手抄网', '5.5', 'https://img-new.boqiicdn.com/Data/Shop/1/163/16304/shoppicpath11434336742_y.jpg?imageView2/2/w/360/h/360/q/100/interlace/0', '4', '403', '45');
INSERT INTO `product` VALUES ('79', '加热棒 佳宝鱼缸防爆玻璃加温棒乌龟缸水族箱加热器 温控器', '【清仓】加热棒 佳宝鱼缸防爆玻璃加温棒乌龟缸水族箱加热器 温控器', '13.5', 'https://img-new.boqiicdn.com/Data/Shop/1/193/19383/shoppicpath11461217143_y.jpg?imageView2/2/w/360/h/360/q/100/interlace/0', '4', '403', '5');
INSERT INTO `product` VALUES ('90', '435345', '3636', '534634', 'http://192.168.6.24:8001/public/upFile/1599102670324logo.png', '4', '401', '4');
INSERT INTO `product` VALUES ('100', '法国皇家Royal Canin 中型犬成犬粮 15kg\r\n\r\n', '法国皇家Royal Canin 中型犬成犬粮 15kg\r\n\r\n', '553', 'https://img-new.boqiicdn.com/Data/Shop/0/23/2329/shoppicpath11568016640_y.jpg?imageView2/2/w/375/h/375/q/100/interlace/0/format/jpg', '1', '101', '3132');
INSERT INTO `product` VALUES ('101', '宝路Pedigree 牛肉蔬菜口味幼犬粮 4kg', '宝路Pedigree 牛肉蔬菜口味幼犬粮 4kg', '105.8', 'https://img-new.boqiicdn.com/Data/Shop/0/81/8120/shoppicpath11583823613_y.jpg?imageView2/2/w/375/h/375/q/100/interlace/0/format/jpg', '1', '101', '0');
INSERT INTO `product` VALUES ('102', '麦富迪 牛肉双拼粮小型犬成犬粮 2kg', '麦富迪 牛肉双拼粮小型犬成犬粮 2kg', '82.8', 'https://img-new.boqiicdn.com/Data/Shop/2/216/21666/shoppicpath11589267275_y.jpg?imageView2/2/w/375/h/375/q/100/interlace/0/format/jpg', '1', '101', '35');
INSERT INTO `product` VALUES ('104', '法国皇家Royal Canin 8岁以上贵宾老年犬粮 3kg', '法国皇家Royal Canin 8岁以上贵宾老年犬粮 3kg', '239', 'https://img-new.boqiicdn.com/Data/Shop/2/205/20576/shoppicpath11561540713_y.jpg?imageView2/2/w/375/h/375/q/100/interlace/0/format/jpg', '1', '101', '3');
INSERT INTO `product` VALUES ('106', '醇粹 贵宾专用全犬粮 3kg 55%肉含量', '醇粹 贵宾专用全犬粮 3kg 55%肉含量', '109', 'https://img-new.boqiicdn.com/Data/Shop/0/78/7842/shoppicpath11572506129_y.jpg?imageView2/2/w/375/h/375/q/100/interlace/0/format/jpg', '1', '101', '1212');
INSERT INTO `product` VALUES ('108', '比瑞吉 优选泰迪贵宾成犬粮 2kg', '比瑞吉 优选泰迪贵宾成犬粮 2kg', '102', 'https://img-new.boqiicdn.com/Data/Shop/0/90/9027/shoppicpath11592462858_y.jpg?imageView2/2/w/375/h/375/q/100/interlace/0/format/jpg', '1', '101', '1212');
INSERT INTO `product` VALUES ('109', '康多乐牛肉肝蔬菜成犬粮狗粮1.5kg', '康多乐牛肉肝蔬菜成犬粮狗粮1.5kg', '38.9', 'https://img-new.boqiicdn.com/Data/Shop/0/7/717/shoppicpath11539866357_y.jpg?imageView2/2/w/375/h/375/q/100/interlace/0/format/jpg', '1', '101', '45');
INSERT INTO `product` VALUES ('110', '优倍滋 鸡肉味全犬种全期犬粮 10kg 滋养被毛', '优倍滋 鸡肉味全犬种全期犬粮 10kg 滋养被毛', '99', 'https://img-new.boqiicdn.com/Data/Shop/2/263/26304/shoppicpath11523609811_y.jpg?imageView2/2/w/375/h/375/q/100/interlace/0/format/jpg', '1', '101', '41212');
INSERT INTO `product` VALUES ('111', '五5345', '567567', '46456', 'http://192.168.6.24:8001/public/upFile/1599104535049logo1.png', '1', '101', '12');
INSERT INTO `product` VALUES ('112', '伯纳天纯 无谷羊肉燕麦蔓越莓中大型犬幼犬粮 15kg', '伯纳天纯 无谷羊肉燕麦蔓越莓中大型犬幼犬粮 15kg', '579', 'https://img-new.boqiicdn.com/Data/Shop/2/216/21618/shoppicpath11548665816_y.jpg?imageView2/2/w/375/h/375/q/100/interlace/0/format/jpg', '1', '101', '3234');
INSERT INTO `product` VALUES ('113', '康多乐 成犬粮鸡肉肝蔬菜狗粮15kg', '康多乐 成犬粮鸡肉肝蔬菜狗粮15kg', '289', 'https://img-new.boqiicdn.com/Data/Shop/0/7/722/shoppicpath11540550821_y.jpg?imageView2/2/w/375/h/375/q/100/interlace/0/format/jpg', '1', '101', '2323');
INSERT INTO `product` VALUES ('114', '怡亲 金装肠胃舒适全犬粮 1.5kg', '怡亲 金装肠胃舒适全犬粮 1.5kg', '36', 'https://img-new.boqiicdn.com/Data/Shop/2/294/29467/shoppicpath11589960817_y.jpg?imageView2/2/w/375/h/375/q/100/interlace/0/format/jpg', '1', '101', '123233');
INSERT INTO `product` VALUES ('115', '真致Zeal 天然鲜牛乳犬猫专用牛奶 380ml 新西兰进口', '真致Zeal 天然鲜牛乳犬猫专用牛奶 380ml 新西兰进口', '25', 'https://img-new.boqiicdn.com/Data/Shop/2/223/22385/shoppicpath11584099184_y.jpg?imageView2/2/w/375/h/375/q/100/interlace/0/format/jpg', '1', '102', '34');
INSERT INTO `product` VALUES ('116', '顽皮Wanpy happy100鸡肉慕斯狗罐头 95g', '顽皮Wanpy happy100鸡肉慕斯狗罐头 95g', '4.5', 'https://img-new.boqiicdn.com/Data/Shop/1/138/13896/shoppicpath11598335714_y.jpg?imageView2/2/w/375/h/375/q/100/interlace/0/format/jpg', '1', '102', '342');
INSERT INTO `product` VALUES ('117', '爱丽思Iris 牛肉米饭狗罐头湿粮 100g*3罐', '爱丽思Iris 牛肉米饭狗罐头湿粮 100g*3罐', '16.5', 'https://img-new.boqiicdn.com/Data/Shop/1/175/17565/shoppicpath11564389438_y.jpg?imageView2/2/w/375/h/375/q/100/interlace/0/format/jpg', '1', '102', '344');
INSERT INTO `product` VALUES ('118', '曼劳 立体派鸡肉口味肉粒狗零食 200g', '曼劳 立体派鸡肉口味肉粒狗零食 200g', '29.9', 'https://img-new.boqiicdn.com/Data/Shop/2/202/20274/shoppicpath11540829976_y.jpg?imageView2/2/w/375/h/375/q/100/interlace/0/format/jpg', '1', '102', '3445');
INSERT INTO `product` VALUES ('119', '麦富迪 清口香梦幻混合装咬胶磨牙狗零食 220g', '麦富迪 清口香梦幻混合装咬胶磨牙狗零食 220g', '19.9', 'https://img-new.boqiicdn.com/Data/Shop/1/140/14051/shoppicpath11595412463_y.jpg?imageView2/2/w/375/h/375/q/100/interlace/0/format/jpg', '1', '102', '5456');
INSERT INTO `product` VALUES ('120', '顽皮Wanpy 牛蹄筋蔬菜鲜封包狗湿粮 80g', '顽皮Wanpy 牛蹄筋蔬菜鲜封包狗湿粮 80g', '4.5', 'https://img-new.boqiicdn.com/Data/Shop/0/6/600/shoppicpath11517377536_y.jpg?imageView2/2/w/375/h/375/q/100/interlace/0/format/jpg', '1', '102', '455');
INSERT INTO `product` VALUES ('121', '怡亲Yoken 鸡肉切片鸡肉干肉条狗零食 45g', '怡亲Yoken 鸡肉切片鸡肉干肉条狗零食 45g', '12.9', 'https://img-new.boqiicdn.com/Data/Shop/1/199/19913/shoppicpath11521708829_y.jpg?imageView2/2/w/375/h/375/q/100/interlace/0/format/jpg', '1', '102', '4556');
INSERT INTO `product` VALUES ('122', '宝路Pedigree 倍亮宝狗零食 75g', '宝路Pedigree 倍亮宝狗零食 75g', '11.5', 'https://img-new.boqiicdn.com/Data/Shop/0/24/2409/shoppicpath11583911092_y.jpg?imageView2/2/w/375/h/375/q/100/interlace/0/format/jpg', '1', '102', '456');
INSERT INTO `product` VALUES ('123', '怡亲Yoken 燕麦牛肉棒磨牙奖励狗零食 200g\r\n\r\n', '怡亲Yoken 燕麦牛肉棒磨牙奖励狗零食 200g\r\n\r\n', '14.9', 'https://img-new.boqiicdn.com/Data/Shop/1/185/18570/shoppicpath11520504488_y.jpg?imageView2/2/w/375/h/375/q/100/interlace/0/format/jpg', '1', '102', '102');
INSERT INTO `product` VALUES ('124', '路斯 海藻燕麦营养饼干 600g 助消化狗零食\r\n\r\n', '路斯 海藻燕麦营养饼干 600g 助消化狗零食\r\n\r\n', '29.9', 'https://img-new.boqiicdn.com/Data/Shop/1/162/16266/shoppicpath11540801578_y.jpg?imageView2/2/w/375/h/375/q/100/interlace/0/format/jpg', '1', '102', '34944567');
INSERT INTO `product` VALUES ('125', '宝路Pedigree 幼犬钙奶棒 60g*3包 狗零食', '宝路Pedigree 幼犬钙奶棒 60g*3包 狗零食', '34.3', 'https://img-new.boqiicdn.com/Data/Shop/1/149/14990/shoppicpath11584514107_y.jpg?imageView2/2/w/375/h/375/q/100/interlace/0/format/jpg', '1', '102', '456789');
INSERT INTO `product` VALUES ('126', '风来客 牛肉味营养骨咬胶磨牙狗零食3寸 108g（6只装）', '风来客 牛肉味营养骨咬胶磨牙狗零食3寸 108g（6只装）', '32', 'https://img-new.boqiicdn.com/Data/Shop/0/19/1981/shoppicpath11517380182_y.jpg?imageView2/2/w/375/h/375/q/100/interlace/0/format/jpg', '1', '102', '34123');
INSERT INTO `product` VALUES ('127', '日本伊纳宝 低脂肪鸡小胸肉与牛肉成犬用湿粮包 80g', '日本伊纳宝 低脂肪鸡小胸肉与牛肉成犬用湿粮包 80g', '4.8', 'https://img-new.boqiicdn.com/Data/Shop/0/29/2983/shoppicpath11544695869_y.jpg?imageView2/2/w/375/h/375/q/100/interlace/0/format/jpg', '1', '102', null);
INSERT INTO `product` VALUES ('128', '怡亲Yoken 犬用鸡胸肉干400g 狗零食', '怡亲Yoken 犬用鸡胸肉干400g 狗零食', '29.9', 'https://img-new.boqiicdn.com/Data/Shop/3/325/32510/shoppicpath11556163436_y.jpg?imageView2/2/w/375/h/375/q/100/interlace/0/format/jpg', '1', '102', null);
INSERT INTO `product` VALUES ('129', '顽皮Wanpy happy100牛肉鸡软骨鲜封包狗湿粮 70g', '顽皮Wanpy happy100牛肉鸡软骨鲜封包狗湿粮 70g', '2.8', 'https://img-new.boqiicdn.com/Data/Shop/1/138/13894/shoppicpath11597836086_y.jpg?imageView2/2/w/375/h/375/q/100/interlace/0/format/jpg', '1', '102', null);
INSERT INTO `product` VALUES ('130', '风来客 毫棒牛肉味洁齿磨牙骨咬胶狗零食2寸 270g（30只装）', '风来客 毫棒牛肉味洁齿磨牙骨咬胶狗零食2寸 270g（30只装）', '26.8', 'https://img-new.boqiicdn.com/Data/Shop/0/39/3975/shoppicpath11572335002_y.jpg?imageView2/2/w/375/h/375/q/100/interlace/0/format/jpg', '1', '102', null);
INSERT INTO `product` VALUES ('131', '怡亲Yoken 鸡肉果蔬亮毛配方狗罐头 100g', '怡亲Yoken 鸡肉果蔬亮毛配方狗罐头 100g', '6.9', 'https://img-new.boqiicdn.com/Data/Shop/1/189/18985/shoppicpath11583812021_y.jpg?imageView2/2/w/375/h/375/q/100/interlace/0/format/jpg', '1', '102', null);
INSERT INTO `product` VALUES ('132', '宝路Pedigree 牛肉高汤口味幼犬妙鲜包 85g*12包 狗湿粮', '宝路Pedigree 牛肉高汤口味幼犬妙鲜包 85g*12包 狗湿粮', '39.9', 'https://img-new.boqiicdn.com/Data/Shop/1/141/14120/shoppicpath11584501788_y.jpg?imageView2/2/w/375/h/375/q/100/interlace/0/format/jpg', '1', '102', null);
INSERT INTO `product` VALUES ('133', '它它TouchDog 牛奶味罐装小馒头训练奖励狗零食 210g', '它它TouchDog 牛奶味罐装小馒头训练奖励狗零食 210g', '19.2', 'https://img-new.boqiicdn.com/Data/Shop/0/24/2452/shoppicpath11540376381_y.jpg?imageView2/2/w/375/h/375/q/100/interlace/0/format/jpg', '1', '102', null);
INSERT INTO `product` VALUES ('134', '黑鼻头 犬用海藻黑芝麻牛肉条500g 狗零食训练奖励美毛增色', '黑鼻头 犬用海藻黑芝麻牛肉条500g 狗零食训练奖励美毛增色', '29', 'https://img-new.boqiicdn.com/Data/Shop/2/245/24599/shoppicpath11540373092_y.jpg?imageView2/2/w/375/h/375/q/100/interlace/0/format/jpg', '1', '102', null);
INSERT INTO `product` VALUES ('135', '它它TouchDog 绿色小号冰凉牛奶洁牙棒狗零食 50g', '它它TouchDog 绿色小号冰凉牛奶洁牙棒狗零食 50g', '7', 'https://img-new.boqiicdn.com/Data/Shop/0/42/4224/shoppicpath11516759424_y.jpg?imageView2/2/w/375/h/375/q/100/interlace/0/format/jpg', '1', '102', null);
INSERT INTO `product` VALUES ('136', '爱丽思Iris 白身鱼鳕鱼味三连狗罐头 100g*3罐', '爱丽思Iris 白身鱼鳕鱼味三连狗罐头 100g*3罐', '22', 'https://img-new.boqiicdn.com/Data/Shop/1/130/13051/shoppicpath11540372076_y.jpg?imageView2/2/w/375/h/375/q/100/interlace/0/format/jpg', '1', '102', null);
INSERT INTO `product` VALUES ('137', '麦富迪 牛肉条磨牙洁齿狗零食 170g', '麦富迪 牛肉条磨牙洁齿狗零食 170g', '29.9', 'https://img-new.boqiicdn.com/Data/Shop/1/140/14052/shoppicpath11562659917_y.jpg?imageView2/2/w/375/h/375/q/100/interlace/0/format/jpg', '1', '102', null);
INSERT INTO `product` VALUES ('138', '日本多格漫Doggyman 犬用低脂肪鸡肉牛肉地瓜狗湿粮75g', '日本多格漫Doggyman 犬用低脂肪鸡肉牛肉地瓜狗湿粮75g', '4.8', 'https://img-new.boqiicdn.com/Data/Shop/1/176/17631/shoppicpath11572335109_y.jpg?imageView2/2/w/375/h/375/q/100/interlace/0/format/jpg', '1', '102', null);
INSERT INTO `product` VALUES ('139', 'BOTH 全犬期山羊奶深海鱼油果冻布丁狗零食 15g*15粒', 'BOTH 全犬期山羊奶深海鱼油果冻布丁狗零食 15g*15粒', '24', 'https://img-new.boqiicdn.com/Data/Shop/1/146/14605/shoppicpath11553235722_y.jpg?imageView2/2/w/375/h/375/q/100/interlace/0/format/jpg', '1', '102', null);
INSERT INTO `product` VALUES ('140', '真致ZEAL 天然鲜牛乳犬猫专用牛奶 1L 宠物牛奶 新西兰进口', '真致ZEAL 天然鲜牛乳犬猫专用牛奶 1L 宠物牛奶 新西兰进口', '46', 'https://img-new.boqiicdn.com/Data/Shop/3/328/32824/shoppicpath11598334417_y.jpg?imageView2/2/w/375/h/375/q/100/interlace/0/format/jpg', '1', '102', null);
INSERT INTO `product` VALUES ('141', '日本多格漫Doggyman 蜂蜜味小馒头80g 狗零食训练奖励', '日本多格漫Doggyman 蜂蜜味小馒头80g 狗零食训练奖励', '9.8', 'https://img-new.boqiicdn.com/Data/Shop/0/41/4145/shoppicpath11517380666_y.jpg?imageView2/2/w/375/h/375/q/100/interlace/0/format/jpg', '1', '102', null);
INSERT INTO `product` VALUES ('142', '路斯 亮毛芝麻牛肉粒 180g 磨牙狗零食', '路斯 亮毛芝麻牛肉粒 180g 磨牙狗零食', '29.9', 'https://img-new.boqiicdn.com/Data/Shop/1/162/16257/shoppicpath11539866074_y.jpg?imageView2/2/w/375/h/375/q/100/interlace/0/format/jpg', '1', '102', null);
INSERT INTO `product` VALUES ('143', '路斯 手工坊鸡肉硬丝 200g 磨牙洁齿狗零食', '路斯 手工坊鸡肉硬丝 200g 磨牙洁齿狗零食', '28', 'https://img-new.boqiicdn.com/Data/Shop/1/192/19205/shoppicpath11540377449_y.jpg?imageView2/2/w/375/h/375/q/100/interlace/0/format/jpg', '1', '102', null);
INSERT INTO `product` VALUES ('144', '日本多格漫Doggyman 特制优健牛肉条150g 训练 奖励狗零食', '日本多格漫Doggyman 特制优健牛肉条150g 训练 奖励狗零食', '28', 'https://img-new.boqiicdn.com/Data/Shop/1/113/11367/shoppicpath11572335333_y.jpg?imageView2/2/w/375/h/375/q/100/interlace/0/format/jpg', '1', '102', null);
INSERT INTO `product` VALUES ('145', '路斯 手工坊犬用Q弹牛肉火腿肠 400g 奖励狗零食', '路斯 手工坊犬用Q弹牛肉火腿肠 400g 奖励狗零食', '19.9', 'https://img-new.boqiicdn.com/Data/Shop/1/192/19223/shoppicpath11539866050_y.jpg?imageView2/2/w/375/h/375/q/100/interlace/0/format/jpg', '1', '102', null);
INSERT INTO `product` VALUES ('146', '开饭乐 无谷肉小方鸭肉牛肉胡萝卜全期犬湿粮190g 90%含肉量', '开饭乐 无谷肉小方鸭肉牛肉胡萝卜全期犬湿粮190g 90%含肉量', '12.6', 'https://img-new.boqiicdn.com/Data/Shop/3/300/30077/shoppicpath11593502438_y.jpg?imageView2/2/w/375/h/375/q/100/interlace/0/format/jpg', '1', '102', null);
INSERT INTO `product` VALUES ('147', '黑鼻头 海藻黑芝麻牛肉条500g*2联包 狗零食磨牙美毛增色', '黑鼻头 海藻黑芝麻牛肉条500g*2联包 狗零食磨牙美毛增色', '56', 'https://img-new.boqiicdn.com/Data/Shop/2/264/26418/shoppicpath11546589891_y.jpg?imageView2/2/w/375/h/375/q/100/interlace/0/format/jpg', '1', '102', null);
INSERT INTO `product` VALUES ('148', '千羽 狗狗橡胶磨牙骨', '千羽 狗狗橡胶磨牙骨', '16.8', 'https://img-new.boqiicdn.com/Data/Shop/1/183/18311/shoppicpath21569828354_y.jpg?imageView2/2/w/375/h/375/q/100/interlace/0/format/jpg', '1', '103', null);
INSERT INTO `product` VALUES ('149', '宜特 狗狗磨牙洁齿耐咬益智漏食球', '宜特 狗狗磨牙洁齿耐咬益智漏食球', '21', 'https://img-new.boqiicdn.com/Data/Shop/2/282/28272/shoppicpath11540896561_y.jpg?imageView2/2/w/375/h/375/q/100/interlace/0/format/jpg', '1', '103', null);
INSERT INTO `product` VALUES ('150', 'Pawise 狗狗玩具洁齿骨', 'Pawise 狗狗玩具洁齿骨', '16', 'https://img-new.boqiicdn.com/Data/Shop/1/186/18669/shoppicpath11540347539_y.jpg?imageView2/2/w/375/h/375/q/100/interlace/0/format/jpg', '1', '103', null);
INSERT INTO `product` VALUES ('151', 'AFP 超声波毛绒狗狗玩具-沉默寡言的松鼠（3260）', 'AFP 超声波毛绒狗狗玩具-沉默寡言的松鼠（3260）', '47', 'https://img-new.boqiicdn.com/Data/Shop/1/186/18660/shoppicpath11540896276_y.jpg?imageView2/2/w/375/h/375/q/100/interlace/0/format/jpg', '1', '103', null);
INSERT INTO `product` VALUES ('152', 'Pawise 狗狗用宠物玩具洁齿棒', 'Pawise 狗狗用宠物玩具洁齿棒', '24', 'https://img-new.boqiicdn.com/Data/Shop/1/186/18668/shoppicpath11540896764_y.jpg?imageView2/2/w/375/h/375/q/100/interlace/0/format/jpg', '1', '103', null);
INSERT INTO `product` VALUES ('153', '宜特 狗狗耐咬宠物圆环磨牙棒', '宜特 狗狗耐咬宠物圆环磨牙棒', '18', 'https://img-new.boqiicdn.com/Data/Shop/2/282/28269/shoppicpath11533800052_y.jpg?imageView2/2/w/375/h/375/q/100/interlace/0/format/jpg', '1', '103', null);
INSERT INTO `product` VALUES ('154', '千羽 8字棉绳拉环洁齿磨牙狗狗玩具', '千羽 8字棉绳拉环洁齿磨牙狗狗玩具', '18', 'https://img-new.boqiicdn.com/Data/Shop/1/183/18318/shoppicpath11569408031_y.jpg?imageView2/2/w/375/h/375/q/100/interlace/0/format/jpg', '1', '103', null);
INSERT INTO `product` VALUES ('155', 'AFP 互动玩具系列网球奖励机 狗狗玩具', 'AFP 互动玩具系列网球奖励机 狗狗玩具', '89', 'https://img-new.boqiicdn.com/Data/Shop/1/186/18661/shoppicpath11569407065_y.jpg?imageView2/2/w/375/h/375/q/100/interlace/0/format/jpg', '1', '103', null);
INSERT INTO `product` VALUES ('156', '酷极Kyjen 发声刺猬毛绒狗玩具', '酷极Kyjen 发声刺猬毛绒狗玩具', '47.6', 'https://img-new.boqiicdn.com/Data/Shop/0/91/9199/shoppicpath11540896306_y.jpg?imageView2/2/w/375/h/375/q/100/interlace/0/format/jpg', '1', '103', null);
INSERT INTO `product` VALUES ('157', '宜特 狗狗耐咬宠物鸡腿磨牙棒', '宜特 狗狗耐咬宠物鸡腿磨牙棒', '18', 'https://img-new.boqiicdn.com/Data/Shop/2/282/28268/shoppicpath11533708821_y.jpg?imageView2/2/w/375/h/375/q/100/interlace/0/format/jpg', '1', '103', null);
INSERT INTO `product` VALUES ('158', '千羽 飞盘训练互动狗狗玩具', '千羽 飞盘训练互动狗狗玩具', '20.8', 'https://img-new.boqiicdn.com/Data/Shop/0/19/1962/shoppicpath11540463010_y.jpg?imageView2/2/w/375/h/375/q/100/interlace/0/format/jpg', '1', '103', null);
INSERT INTO `product` VALUES ('159', '宜特 狗狗耐咬宠物鸡翅磨牙棒', '宜特 狗狗耐咬宠物鸡翅磨牙棒', '18', 'https://img-new.boqiicdn.com/Data/Shop/2/282/28266/shoppicpath11560960133_y.jpg?imageView2/2/w/375/h/375/q/100/interlace/0/format/jpg', '1', '103', null);
INSERT INTO `product` VALUES ('160', '千羽 宠物棉绳抛掷球 猫狗通用玩具', '千羽 宠物棉绳抛掷球 猫狗通用玩具', '20', 'https://img-new.boqiicdn.com/Data/Shop/0/19/1964/shoppicpath11451037164_y.jpg?imageView2/2/w/375/h/375/q/100/interlace/0/format/jpg', '1', '103', null);
INSERT INTO `product` VALUES ('161', '酷极Kyjen mini型美食转盘 狗狗玩具', '酷极Kyjen mini型美食转盘 狗狗玩具', '23', 'https://img-new.boqiicdn.com/Data/Shop/1/142/14276/shoppicpath21569826739_y.jpg?imageView2/2/w/375/h/375/q/100/interlace/0/format/jpg', '1', '103', null);
INSERT INTO `product` VALUES ('162', 'AFP 迷你网球机训导狗狗玩具', 'AFP 迷你网球机训导狗狗玩具', '299', 'https://img-new.boqiicdn.com/Data/Shop/2/222/22201/shoppicpath11540897110_y.jpg?imageView2/2/w/375/h/375/q/100/interlace/0/format/jpg', '1', '103', null);
INSERT INTO `product` VALUES ('163', '酷极kyjen 移动宝盒益智狗狗玩具', '酷极kyjen 移动宝盒益智狗狗玩具', '109', 'https://img-new.boqiicdn.com/Data/Shop/2/259/25981/shoppicpath11571208103_y.jpg?imageView2/2/w/375/h/375/q/100/interlace/0/format/jpg', '1', '103', null);
INSERT INTO `product` VALUES ('164', '酷极kyjen 龙卷风暴益智狗狗玩具', '酷极kyjen 龙卷风暴益智狗狗玩具', '139', 'https://img-new.boqiicdn.com/Data/Shop/2/259/25984/shoppicpath21571208237_y.jpg?imageView2/2/w/375/h/375/q/100/interlace/0/format/jpg', '1', '103', null);
INSERT INTO `product` VALUES ('165', '尼可信 笑口常开球 互动娱乐', '尼可信 笑口常开球 互动娱乐', '20', 'https://img-new.boqiicdn.com/Data/Shop/3/334/33492/shoppicpath21562063979_y.jpg?imageView2/2/w/375/h/375/q/100/interlace/0/format/jpg', '1', '103', null);
INSERT INTO `product` VALUES ('166', '源飞 宠物玩具马卡龙串珠组合B款 狗磨牙玩具 套装2\r\n\r\n', '源飞 宠物玩具马卡龙串珠组合B款 狗磨牙玩具 套装2\r\n\r\n', '20.9', 'https://img-new.boqiicdn.com/Data/Shop/3/365/36587/shoppicpath11586416490_y.jpg?imageView2/2/w/375/h/375/q/100/interlace/0/format/jpg', '1', '103', null);
INSERT INTO `product` VALUES ('167', 'Pidan 宠物玩具益智漏食狗玩具球 发泄磨牙 柔韧耐磨\r\n\r\n', 'Pidan 宠物玩具益智漏食狗玩具球 发泄磨牙 柔韧耐磨\r\n\r\n', '19.9', 'https://img-new.boqiicdn.com/Data/Shop/3/372/37292/shoppicpath11587378589_y.jpg?imageView2/2/w/375/h/375/q/100/interlace/0/format/jpg', '1', '103', null);
INSERT INTO `product` VALUES ('168', '美国酷极Kyjen 九连环新配色益智狗玩具 马卡龙色\r\n\r\n', '美国酷极Kyjen 九连环新配色益智狗玩具 马卡龙色\r\n\r\n', '139', 'https://img-new.boqiicdn.com/Data/Shop/3/354/35492/shoppicpath11579242368_y.jpg?imageView2/2/w/375/h/375/q/100/interlace/0/format/jpg', '1', '103', null);
INSERT INTO `product` VALUES ('169', '源飞 宠物玩具甜甜圈磨牙狗玩具', '源飞 宠物玩具甜甜圈磨牙狗玩具', '9.8', 'https://img-new.boqiicdn.com/Data/Shop/3/365/36581/shoppicpath11585649420_y.jpg?imageView2/2/w/375/h/375/q/100/interlace/0/format/jpg', '1', '103', null);
INSERT INTO `product` VALUES ('170', 'Pidan棒棒糖漏食球狗狗玩具 边吃边玩 益智控食', 'Pidan棒棒糖漏食球狗狗玩具 边吃边玩 益智控食', '23.6', 'https://img-new.boqiicdn.com/Data/Shop/3/316/31641/shoppicpath21546580326_y.jpg?imageView2/2/w/375/h/375/q/100/interlace/0/format/jpg', '1', '103', null);
INSERT INTO `product` VALUES ('171', '源飞 宠物玩具拉力吸盘棒 狗玩具', '源飞 宠物玩具拉力吸盘棒 狗玩具', '30.9', 'https://img-new.boqiicdn.com/Data/Shop/3/365/36594/shoppicpath11587721614_y.jpg?imageView2/2/w/375/h/375/q/100/interlace/0/format/jpg', '1', '103', null);
INSERT INTO `product` VALUES ('172', '酷极Kyjen 蜥蜴艾伯特耐磨耐药益智类狗狗玩具', '酷极Kyjen 蜥蜴艾伯特耐磨耐药益智类狗狗玩具', '31.6', 'https://img-new.boqiicdn.com/Data/Shop/2/275/27548/shoppicpath11540896916_y.jpg?imageView2/2/w/375/h/375/q/100/interlace/0/format/jpg', '1', '103', null);
INSERT INTO `product` VALUES ('173', '贵为GiGwi 狗狗智食堡智商训练喂食器', '贵为GiGwi 狗狗智食堡智商训练喂食器', '385', 'https://img-new.boqiicdn.com/Data/Shop/3/319/31942/shoppicpath11550632713_y.jpg?imageView2/2/w/375/h/375/q/100/interlace/0/format/jpg', '1', '103', null);
INSERT INTO `product` VALUES ('174', 'Petmate 骨子球天然橡胶发声耐咬狗狗玩具', 'Petmate 骨子球天然橡胶发声耐咬狗狗玩具', '21', 'https://img-new.boqiicdn.com/Data/Shop/1/190/19019/shoppicpath11457435409_y.jpg?imageView2/2/w/375/h/375/q/100/interlace/0/format/jpg', '1', '103', null);
INSERT INTO `product` VALUES ('175', 'Petmate 好力球天然橡胶耐咬几何球益智漏食 狗狗玩具', 'Petmate 好力球天然橡胶耐咬几何球益智漏食 狗狗玩具', '29', 'https://img-new.boqiicdn.com/Data/Shop/1/190/19018/shoppicpath11539856019_y.jpg?imageView2/2/w/375/h/375/q/100/interlace/0/format/jpg', '1', '103', null);
INSERT INTO `product` VALUES ('176', '宜特 狗狗耐咬宠物牛扒磨牙棒', '宜特 狗狗耐咬宠物牛扒磨牙棒', '18', 'https://img-new.boqiicdn.com/Data/Shop/2/282/28267/shoppicpath11533708667_y.jpg?imageView2/2/w/375/h/375/q/100/interlace/0/format/jpg', '1', '103', null);
INSERT INTO `product` VALUES ('177', '酷极Kyjen 飞盘神龟发声毛绒狗狗玩具', '酷极Kyjen 飞盘神龟发声毛绒狗狗玩具', '139', 'https://img-new.boqiicdn.com/Data/Shop/0/92/9200/shoppicpath11561034775_y.jpg?imageView2/2/w/375/h/375/q/100/interlace/0/format/jpg', '1', '103', null);
INSERT INTO `product` VALUES ('178', '金丽高SolidGold 无谷物抗敏配方全猫粮 12磅/5.44kg', '金丽高SolidGold 无谷物抗敏配方全猫粮 12磅/5.44kg', '418', 'https://img-new.boqiicdn.com/Data/Shop/2/216/21634/shoppicpath11570697808_y.jpg?imageView2/2/w/375/h/375/q/100/interlace/0/format/jpg', '2', '201', null);
INSERT INTO `product` VALUES ('179', '伟嘉 吞拿鱼及三文鱼味幼猫粮 1.2kg', '伟嘉 吞拿鱼及三文鱼味幼猫粮 1.2kg', '43.6', 'https://img-new.boqiicdn.com/Data/Shop/0/42/4249/shoppicpath11582097226_y.jpg?imageView2/2/w/375/h/375/q/100/interlace/0/format/jpg', '2', '201', null);
INSERT INTO `product` VALUES ('180', '法国皇家Royal Canin 7岁以上室内老年猫粮1.5kg S27', '法国皇家Royal Canin 7岁以上室内老年猫粮1.5kg S27', '115', 'https://img-new.boqiicdn.com/Data/Shop/0/28/2850/shoppicpath11567422194_y.jpg?imageView2/2/w/375/h/375/q/100/interlace/0/format/jpg', '2', '201', null);
INSERT INTO `product` VALUES ('181', '喜乐比Sharlovy 鸡肉三文鱼全期猫粮 1.4kg', '喜乐比Sharlovy 鸡肉三文鱼全期猫粮 1.4kg', '42', 'https://img-new.boqiicdn.com/Data/Shop/0/64/6482/shoppicpath11575279285_y.jpg?imageView2/2/w/375/h/375/q/100/interlace/0/format/jpg', '2', '201', null);
INSERT INTO `product` VALUES ('182', '伟嘉 精选海洋鱼味成猫猫粮 10kg', '伟嘉 精选海洋鱼味成猫猫粮 10kg', '209', 'https://img-new.boqiicdn.com/Data/Shop/0/16/1678/shoppicpath11582092829_y.jpg?imageView2/2/w/375/h/375/q/100/interlace/0/format/jpg', '2', '201', null);
INSERT INTO `product` VALUES ('183', '法国皇家Royal Canin 孕猫及12个月以下幼猫粮 400g K36', '法国皇家Royal Canin 孕猫及12个月以下幼猫粮 400g K36', '35', 'https://img-new.boqiicdn.com/Data/Shop/1/161/16170/shoppicpath11566292391_y.jpg?imageView2/2/w/375/h/375/q/100/interlace/0/format/jpg', '2', '201', null);
INSERT INTO `product` VALUES ('184', '妙多乐CatChow 均衡营养全价成猫粮 10kg', '妙多乐CatChow 均衡营养全价成猫粮 10kg', '237', 'https://img-new.boqiicdn.com/Data/Shop/0/16/1622/shoppicpath11540470161_y.jpg?imageView2/2/w/375/h/375/q/100/interlace/0/format/jpg', '2', '201', null);
INSERT INTO `product` VALUES ('185', '小满 鱼肉鸭肉配方天然猫粮 1.5kg 全期猫粮 美毛护肝', '小满 鱼肉鸭肉配方天然猫粮 1.5kg 全期猫粮 美毛护肝', '69', 'https://img-new.boqiicdn.com/Data/Shop/3/336/33619/shoppicpath11563791215_y.jpg?imageView2/2/w/375/h/375/q/100/interlace/0/format/jpg', '2', '201', null);
INSERT INTO `product` VALUES ('186', '伟嘉 海洋鱼味低盐清淡成猫粮 3.6kg', '伟嘉 海洋鱼味低盐清淡成猫粮 3.6kg', '106', 'https://img-new.boqiicdn.com/Data/Shop/0/81/8119/shoppicpath11582098060_y.jpg?imageView2/2/w/375/h/375/q/100/interlace/0/format/jpg', '2', '201', null);
INSERT INTO `product` VALUES ('187', '佩玛思特 幼猫及孕猫粮 2kg 38%粗蛋白质\r\n\r\n', '佩玛思特 幼猫及孕猫粮 2kg 38%粗蛋白质\r\n\r\n', '145', 'https://img-new.boqiicdn.com/Data/Shop/1/144/14407/shoppicpath11562051589_y.jpg?imageView2/2/w/375/h/375/q/100/interlace/0/format/jpg', '2', '201', null);
INSERT INTO `product` VALUES ('188', '法国皇家Royal Canin 室内成猫粮 0.4kg i27', '法国皇家Royal Canin 室内成猫粮 0.4kg i27', '29', 'https://img-new.boqiicdn.com/Data/Shop/0/96/9622/shoppicpath11566285941_y.jpg?imageView2/2/w/375/h/375/q/100/interlace/0/format/jpg', '2', '201', null);
INSERT INTO `product` VALUES ('189', '法国皇家Royal Canin 全能优选肠道舒适型成猫粮 2kg EP42\r\n\r\n', '法国皇家Royal Canin 全能优选肠道舒适型成猫粮 2kg EP42\r\n\r\n', '154', 'https://img-new.boqiicdn.com/Data/Shop/0/24/2431/shoppicpath11567420458_y.jpg?imageView2/2/w/375/h/375/q/100/interlace/0/format/jpg', '2', '201', null);
INSERT INTO `product` VALUES ('190', '伟嘉 牛肉味成猫猫粮 1.3kg', '伟嘉 牛肉味成猫猫粮 1.3kg', '42.9', 'https://img-new.boqiicdn.com/Data/Shop/0/5/534/shoppicpath11582096087_y.jpg?imageView2/2/w/375/h/375/q/100/interlace/0/format/jpg', '2', '201', null);
INSERT INTO `product` VALUES ('191', 'BOTH N3全价去毛球成猫粮 1.8kg C63', 'BOTH N3全价去毛球成猫粮 1.8kg C63', '83', 'https://img-new.boqiicdn.com/Data/Shop/1/115/11522/shoppicpath11552986771_y.jpg?imageView2/2/w/375/h/375/q/100/interlace/0/format/jpg', '2', '201', null);
INSERT INTO `product` VALUES ('192', '佩玛思特 幼猫及孕猫猫粮 10kg 38%粗蛋白质', '佩玛思特 幼猫及孕猫猫粮 10kg 38%粗蛋白质', '450', 'https://img-new.boqiicdn.com/Data/Shop/1/153/15325/shoppicpath11565850103_y.jpg?imageView2/2/w/375/h/375/q/100/interlace/0/format/jpg', '2', '201', null);
INSERT INTO `product` VALUES ('193', '小满 鱼肉鸭肉配方天然猫粮试用装 60g 全期猫粮', '小满 鱼肉鸭肉配方天然猫粮试用装 60g 全期猫粮', '29', 'https://img-new.boqiicdn.com/Data/Shop/3/336/33636/shoppicpath11563790932_y.jpg?imageView2/2/w/375/h/375/q/100/interlace/0/format/jpg', '2', '201', null);
INSERT INTO `product` VALUES ('194', '怡亲 金装亮毛明目全猫粮 1.5kg', '怡亲 金装亮毛明目全猫粮 1.5kg', '39', 'https://img-new.boqiicdn.com/Data/Shop/2/294/29471/shoppicpath11589961167_y.jpg?imageView2/2/w/375/h/375/q/100/interlace/0/format/jpg', '2', '201', null);
INSERT INTO `product` VALUES ('195', '妙多乐CatChow 均衡营养幼猫全价猫粮 1.5kg', '妙多乐CatChow 均衡营养幼猫全价猫粮 1.5kg', '59', 'https://img-new.boqiicdn.com/Data/Shop/2/238/23887/shoppicpath11540783827_y.jpg?imageView2/2/w/375/h/375/q/100/interlace/0/format/jpg', '2', '201', null);
INSERT INTO `product` VALUES ('196', 'BOTH N3全价幼猫粮 1.8kg C61', 'BOTH N3全价幼猫粮 1.8kg C61', '89', 'https://img-new.boqiicdn.com/Data/Shop/1/115/11518/shoppicpath11552985449_y.jpg?imageView2/2/w/375/h/375/q/100/interlace/0/format/jpg', '2', '201', null);
INSERT INTO `product` VALUES ('197', '佩玛思特 去毛球成猫粮 10kg 35%粗蛋白质', '佩玛思特 去毛球成猫粮 10kg 35%粗蛋白质', '435', 'https://img-new.boqiicdn.com/Data/Shop/1/153/15326/shoppicpath11562052237_y.jpg?imageView2/2/w/375/h/375/q/100/interlace/0/format/jpg', '2', '201', null);
INSERT INTO `product` VALUES ('198', '伯纳天纯 无谷金枪鱼马铃薯蔓越莓成猫粮 10kg\r\n\r\n', '伯纳天纯 无谷金枪鱼马铃薯蔓越莓成猫粮 10kg\r\n\r\n', '489', 'https://img-new.boqiicdn.com/Data/Shop/2/240/24049/shoppicpath11538996759_y.jpg?imageView2/2/w/375/h/375/q/100/interlace/0/format/jpg', '2', '201', null);
INSERT INTO `product` VALUES ('199', '怡亲Yoken 吞拿鱼鸡肉健康机能猫罐头 170g*12', '怡亲Yoken 吞拿鱼鸡肉健康机能猫罐头 170g*12', '39.9', 'https://img-new.boqiicdn.com/Data/Shop/2/245/24544/shoppicpath11573459728_y.jpg?imageView2/2/w/375/h/375/q/100/interlace/0/format/jpg', '2', '202', null);
INSERT INTO `product` VALUES ('200', '滋益巅峰Ziwi peak 无谷牛肉主食猫罐头 185g 92%肉含量 新西兰进口', '滋益巅峰Ziwi peak 无谷牛肉主食猫罐头 185g 92%肉含量 新西兰进口', '35', 'https://img-new.boqiicdn.com/Data/Shop/3/313/31350/shoppicpath11578022097_y.jpg?imageView2/2/w/375/h/375/q/100/interlace/0/format/jpg', '2', '202', null);
INSERT INTO `product` VALUES ('201', '金赏Golden 金枪鱼蟹肉味猫罐头 170g*12', '金赏Golden 金枪鱼蟹肉味猫罐头 170g*12', '49.8', 'https://img-new.boqiicdn.com/Data/Shop/1/175/17583/shoppicpath11540834655_y.jpg?imageView2/2/w/375/h/375/q/100/interlace/0/format/jpg', '2', '202', null);
INSERT INTO `product` VALUES ('202', '爱丽思Iris 金枪鱼口味猫罐头湿粮 100g*3罐', '爱丽思Iris 金枪鱼口味猫罐头湿粮 100g*3罐', '24', 'https://img-new.boqiicdn.com/Data/Shop/1/175/17566/shoppicpath11540375326_y.jpg?imageView2/2/w/375/h/375/q/100/interlace/0/format/jpg', '2', '202', null);
INSERT INTO `product` VALUES ('203', '伟嘉 海洋鱼味成猫罐头湿粮 400g', '伟嘉 海洋鱼味成猫罐头湿粮 400g', '13.9', 'https://img-new.boqiicdn.com/Data/Shop/0/39/3984/shoppicpath11517449729_y.jpg?imageView2/2/w/375/h/375/q/100/interlace/0/format/jpg', '2', '202', null);
INSERT INTO `product` VALUES ('204', '顽皮Wanpy Happy100鸡肉鳕鱼汤汁鲜封包猫湿粮 70g', '顽皮Wanpy Happy100鸡肉鳕鱼汤汁鲜封包猫湿粮 70g', '2.8', 'https://img-new.boqiicdn.com/Data/Shop/0/74/7432/shoppicpath11597827229_y.jpg?imageView2/2/w/375/h/375/q/100/interlace/0/format/jpg', '2', '202', null);
INSERT INTO `product` VALUES ('205', '富力鲜 白身鲔鱼鲑鱼猫罐头85g*12罐 原装进口 猫湿粮', '富力鲜 白身鲔鱼鲑鱼猫罐头85g*12罐 原装进口 猫湿粮', '86.8', 'https://img-new.boqiicdn.com/Data/Shop/1/149/14909/shoppicpath11540835427_y.jpg?imageView2/2/w/375/h/375/q/100/interlace/0/format/jpg', '2', '202', null);
INSERT INTO `product` VALUES ('206', '日本伊纳宝 妙好猫用鸡汤味烤鸡胸肉奖励猫零食 1只', '日本伊纳宝 妙好猫用鸡汤味烤鸡胸肉奖励猫零食 1只', '5.8', 'https://img-new.boqiicdn.com/Data/Shop/1/177/17711/shoppicpath11516861123_y.jpg?imageView2/2/w/375/h/375/q/100/interlace/0/format/jpg', '2', '202', null);
INSERT INTO `product` VALUES ('207', '怡亲许愿种植猫草去毛球猫零食 19g（猫草种子+培育盒+培育土）\r\n\r\n', '怡亲许愿种植猫草去毛球猫零食 19g（猫草种子+培育盒+培育土）\r\n\r\n', '14.9', 'https://img-new.boqiicdn.com/Data/Shop/1/196/19605/shoppicpath31586945209_y.jpg?imageView2/2/w/375/h/375/q/100/interlace/0/format/jpg', '2', '202', null);
INSERT INTO `product` VALUES ('208', '滋益巅峰Ziwi peak 无谷鸡肉主食猫罐头185g 92%肉含量 新西兰进口', '滋益巅峰Ziwi peak 无谷鸡肉主食猫罐头185g 92%肉含量 新西兰进口', '35', 'https://img-new.boqiicdn.com/Data/Shop/3/313/31352/shoppicpath11541754079_y.jpg?imageView2/2/w/375/h/375/q/100/interlace/0/format/jpg', '2', '202', null);
INSERT INTO `product` VALUES ('209', '怡亲Yoken 鸡肉味优质营养条猫湿粮零食 15g*12支', '怡亲Yoken 鸡肉味优质营养条猫湿粮零食 15g*12支', '24.9', 'https://img-new.boqiicdn.com/Data/Shop/2/277/27716/shoppicpath11592807641_y.jpg?imageView2/2/w/375/h/375/q/100/interlace/0/format/jpg', '2', '202', null);
INSERT INTO `product` VALUES ('210', '怡亲Yoken 海鲜鱼肉口味扇贝浓汤三文鱼猫湿粮包零食 40g（2支装）', '怡亲Yoken 海鲜鱼肉口味扇贝浓汤三文鱼猫湿粮包零食 40g（2支装）', '12.9', 'https://img-new.boqiicdn.com/Data/Shop/1/199/19959/shoppicpath11521616757_y.jpg?imageView2/2/w/375/h/375/q/100/interlace/0/format/jpg', '2', '202', null);
INSERT INTO `product` VALUES ('211', '日本伊纳宝 妙好金枪鱼与鸡小胸肉猫湿粮 60g', '日本伊纳宝 妙好金枪鱼与鸡小胸肉猫湿粮 60g', '3.3', 'https://img-new.boqiicdn.com/Data/Shop/0/44/4413/shoppicpath11555504897_y.jpg?imageView2/2/w/375/h/375/q/100/interlace/0/format/jpg', '2', '202', null);
INSERT INTO `product` VALUES ('212', '怡亲Yoken 鱼肉味火腿肠奖励猫零食 12g*30支', '怡亲Yoken 鱼肉味火腿肠奖励猫零食 12g*30支', '19', 'https://img-new.boqiicdn.com/Data/Shop/2/277/27714/shoppicpath11529055022_y.jpg?imageView2/2/w/375/h/375/q/100/interlace/0/format/jpg', '2', '202', null);
INSERT INTO `product` VALUES ('213', '日本伊纳宝 妙好猫用金枪鱼和扇贝柱猫湿粮 60g', '日本伊纳宝 妙好猫用金枪鱼和扇贝柱猫湿粮 60g', '3.3', 'https://img-new.boqiicdn.com/Data/Shop/0/44/4417/shoppicpath11555505225_y.jpg?imageView2/2/w/375/h/375/q/100/interlace/0/format/jpg', '2', '202', null);
INSERT INTO `product` VALUES ('214', '顽皮Wanpy Happy100噜吸吸三文鱼配方猫条零食 70g\r\n\r\n', '顽皮Wanpy Happy100噜吸吸三文鱼配方猫条零食 70g\r\n\r\n', '15', 'https://img-new.boqiicdn.com/Data/Shop/3/304/30438/shoppicpath11597825984_y.jpg?imageView2/2/w/375/h/375/q/100/interlace/0/format/jpg', '2', '202', null);
INSERT INTO `product` VALUES ('215', '日本伊纳宝 妙好 烤鸡肉卷 金枪鱼 扇贝味 30g 猫零食', '日本伊纳宝 妙好 烤鸡肉卷 金枪鱼 扇贝味 30g 猫零食', '6', 'https://img-new.boqiicdn.com/Data/Shop/1/177/17709/shoppicpath11516763347_y.jpg?imageView2/2/w/375/h/375/q/100/interlace/0/format/jpg', '2', '202', null);
INSERT INTO `product` VALUES ('216', '顽皮Wanpy Happy100鸡肉味慕斯猫罐头 95g*12罐', '顽皮Wanpy Happy100鸡肉味慕斯猫罐头 95g*12罐', '39.9', 'https://img-new.boqiicdn.com/Data/Shop/1/146/14647/shoppicpath11597910186_y.jpg?imageView2/2/w/375/h/375/q/100/interlace/0/format/jpg', '2', '202', null);
INSERT INTO `product` VALUES ('217', '怡亲Yoken 吞拿鱼三文鱼健康机能猫罐头 170g*12', '怡亲Yoken 吞拿鱼三文鱼健康机能猫罐头 170g*12', '39.9', 'https://img-new.boqiicdn.com/Data/Shop/2/245/24549/shoppicpath11579059484_y.jpg?imageView2/2/w/375/h/375/q/100/interlace/0/format/jpg', '2', '202', null);
INSERT INTO `product` VALUES ('218', '希宝Sheba 吞拿鱼及鲜香银鱼猫罐头 85g 原装进口', '希宝Sheba 吞拿鱼及鲜香银鱼猫罐头 85g 原装进口', '10.9', 'https://img-new.boqiicdn.com/Data/Shop/0/75/7515/shoppicpath11589268230_y.jpg?imageView2/2/w/375/h/375/q/100/interlace/0/format/jpg', '2', '202', null);
INSERT INTO `product` VALUES ('219', '新西兰爱娣iti Pet 鸡肉三文鱼主食猫罐头 85g 90%含肉量', '新西兰爱娣iti Pet 鸡肉三文鱼主食猫罐头 85g 90%含肉量', '19', 'https://img-new.boqiicdn.com/Data/Shop/3/308/30834/shoppicpath11541587549_y.jpg?imageView2/2/w/375/h/375/q/100/interlace/0/format/jpg', '2', '202', null);
INSERT INTO `product` VALUES ('220', '希宝Sheba 白身吞拿鱼猫罐头 85g 原装进口', '希宝Sheba 白身吞拿鱼猫罐头 85g 原装进口', '19.9', 'https://img-new.boqiicdn.com/Data/Shop/0/75/7517/shoppicpath11589268756_y.jpg?imageView2/2/w/375/h/375/q/100/interlace/0/format/jpg', '2', '202', null);
INSERT INTO `product` VALUES ('221', '日本伊纳宝 鲣鱼节味扇贝味鱿鱼味肉粒奖励猫零食 25g', '日本伊纳宝 鲣鱼节味扇贝味鱿鱼味肉粒奖励猫零食 25g', '6', 'https://img-new.boqiicdn.com/Data/Shop/1/177/17706/shoppicpath11516763279_y.jpg?imageView2/2/w/375/h/375/q/100/interlace/0/format/jpg', '2', '202', null);
INSERT INTO `product` VALUES ('222', '爱丽思IRIS 天然松木猫砂(5L)2.82kg 强大吸水除臭', '爱丽思IRIS 天然松木猫砂(5L)2.82kg 强大吸水除臭', '30', 'https://img-new.boqiicdn.com/Data/Shop/1/138/13884/shoppicpath11577081003_y.jpg?imageView2/2/w/375/h/375/q/100/interlace/0/format/jpg', '2', '203', null);
INSERT INTO `product` VALUES ('223', '怡亲Yoken 活性炭豆腐砂猫砂 2.5kg 除臭易结团 可冲厕所\r\n\r\n', '怡亲Yoken 活性炭豆腐砂猫砂 2.5kg 除臭易结团 可冲厕所\r\n\r\n', '50', 'https://img-new.boqiicdn.com/Data/Shop/3/358/35834/shoppicpath11584008317_y.jpg?imageView2/2/w/375/h/375/q/100/interlace/0/format/jpg', '2', '203', null);
INSERT INTO `product` VALUES ('226', '怡亲Yoken 宠物蹭脚垫 清理爪子砂砾', '怡亲Yoken 宠物蹭脚垫 清理爪子砂砾', '11.9', 'https://img-new.boqiicdn.com/Data/Shop/1/189/18989/shoppicpath11569741136_y.jpg?imageView2/2/w/375/h/375/q/100/interlace/0/format/jpg', '2', '203', null);
INSERT INTO `product` VALUES ('227', '洁珊Catsan 超强力凝聚膨润土猫砂 (9L)7.5kg 除臭性强\r\n\r\n', '洁珊Catsan 超强力凝聚膨润土猫砂 (9L)7.5kg 除臭性强\r\n\r\n', '38', 'https://img-new.boqiicdn.com/Data/Shop/1/110/11018/shoppicpath11574387201_y.jpg?imageView2/2/w/375/h/375/q/100/interlace/0/format/jpg', '2', '203', null);
INSERT INTO `product` VALUES ('228', '中恒 全封闭式圆顶豪华猫砂盆 减少异味', '中恒 全封闭式圆顶豪华猫砂盆 减少异味', '209', 'https://img-new.boqiicdn.com/Data/Shop/0/85/8591/shoppicpath11560960201_y.jpg?imageView2/2/w/375/h/375/q/100/interlace/0/format/jpg', '2', '203', null);
INSERT INTO `product` VALUES ('229', '捣蛋鬼 大号猫砂铲 多色随机发 清理猫砂', '捣蛋鬼 大号猫砂铲 多色随机发 清理猫砂', '3', 'https://img-new.boqiicdn.com/Data/Shop/0/75/7565/shoppicpath11576466767_y.jpg?imageView2/2/w/375/h/375/q/100/interlace/0/format/jpg', '2', '203', null);
INSERT INTO `product` VALUES ('230', '怡亲Yoken 绿茶豆腐猫砂 2.5kg 吸湿结团 紧实不沾底', '怡亲Yoken 绿茶豆腐猫砂 2.5kg 吸湿结团 紧实不沾底', '29.9', 'https://img-new.boqiicdn.com/Data/Shop/3/362/36238/shoppicpath11584547365_y.jpg?imageView2/2/w/375/h/375/q/100/interlace/0/format/jpg', '2', '203', null);
INSERT INTO `product` VALUES ('231', '洁珊Catsan 超强力凝聚膨润土猫砂 (9L)7.5kg 除臭性强\r\n\r\n', '洁珊Catsan 超强力凝聚膨润土猫砂 (9L)7.5kg 除臭性强\r\n\r\n', '23', 'https://img-new.boqiicdn.com/Data/Shop/1/110/11018/shoppicpath11574387201_y.jpg?imageView2/2/w/375/h/375/q/100/interlace/0/format/jpg', '2', '203', null);
INSERT INTO `product` VALUES ('232', '爱丽思IRIS 天然松木猫砂(5L)2.82kg 强大吸水除臭', '爱丽思IRIS 天然松木猫砂(5L)2.82kg 强大吸水除臭', '30', 'https://img-new.boqiicdn.com/Data/Shop/1/138/13884/shoppicpath11577081003_y.jpg?imageView2/2/w/375/h/375/q/100/interlace/0/format/jpg', '2', '203', null);
INSERT INTO `product` VALUES ('233', '怡亲Yoken 活性炭豆腐砂猫砂 2.5kg 除臭易结团 可冲厕所', '怡亲Yoken 活性炭豆腐砂猫砂 2.5kg 除臭易结团 可冲厕所', '29.9', 'https://img-new.boqiicdn.com/Data/Shop/3/358/35834/shoppicpath11584008317_y.jpg?imageView2/2/w/375/h/375/q/100/interlace/0/format/jpg', '2', '203', null);
INSERT INTO `product` VALUES ('234', '爱丽思IRIS 猫厕所专用除臭包DC-8 活性炭脱臭', '爱丽思IRIS 猫厕所专用除臭包DC-8 活性炭脱臭', '11.8', 'https://img-new.boqiicdn.com/Data/Shop/1/138/13827/shoppicpath11527834367_y.jpg?imageView2/2/w/375/h/375/q/100/interlace/0/format/jpg', '2', '203', null);
INSERT INTO `product` VALUES ('235', 'Catlink scooperai语音智能猫砂盆 重力感应 远程可控', 'Catlink scooperai语音智能猫砂盆 重力感应 远程可控', '1799', 'https://img-new.boqiicdn.com/Data/Shop/3/390/39064/shoppicpath11594372274_y.jpg?imageView2/2/w/375/h/375/q/100/interlace/0/format/jpg', '2', '203', null);
INSERT INTO `product` VALUES ('236', '伊丽 半封闭方型猫砂盆 空间宽敞\r\n\r\n', '伊丽 半封闭方型猫砂盆 空间宽敞\r\n\r\n', '24.9', 'https://img-new.boqiicdn.com/Data/Shop/3/393/39325/shoppicpath11598582671_y.jpg?imageView2/2/w/375/h/375/q/100/interlace/0/format/jpg', '2', '203', null);
INSERT INTO `product` VALUES ('238', 'JOYPET 猫砂除臭片 无香12个', 'JOYPET 猫砂除臭片 无香12个', '29.4', 'https://img-new.boqiicdn.com/Data/Shop/4/401/40169/shoppicpath11597729492_y.jpg?imageView2/2/w/375/h/375/q/100/interlace/0/format/jpg', '2', '203', null);
INSERT INTO `product` VALUES ('239', '派锐 猫狗用湿巾试用装', '派锐 猫狗用湿巾试用装', '3', 'https://img-new.boqiicdn.com/Data/Shop/3/324/32487/shoppicpath11571987247_y.jpg?imageView2/2/w/375/h/375/q/100/interlace/0/format/jpg', '2', '203', null);
INSERT INTO `product` VALUES ('240', '猫洁易CatGenie 猫砂清洗液 以色列独特配方 告别异味', '猫洁易CatGenie 猫砂清洗液 以色列独特配方 告别异味', '199', 'https://img-new.boqiicdn.com/Data/Shop/2/218/21882/shoppicpath11479968399_y.jpg?imageView2/2/w/375/h/375/q/100/interlace/0/format/jpg', '2', '203', null);
INSERT INTO `product` VALUES ('241', '怡亲Yoken 膨润土猫砂 10kg 去味结团 24省包邮', '怡亲Yoken 膨润土猫砂 10kg 去味结团 24省包邮', '23.9', 'https://img-new.boqiicdn.com/Data/Shop/3/350/35070/shoppicpath11585729727_y.jpg?imageView2/2/w/375/h/375/q/100/interlace/0/format/jpg', '2', '203', null);
INSERT INTO `product` VALUES ('242', '怡亲Yoken 天然松木猫砂 (5L)2.8kg 天然环保无粉尘', '怡亲Yoken 天然松木猫砂 (5L)2.8kg 天然环保无粉尘', '20', 'https://img-new.boqiicdn.com/Data/Shop/1/191/19162/shoppicpath11584954099_y.jpg?imageView2/2/w/375/h/375/q/100/interlace/0/format/jpg', '2', '203', null);
INSERT INTO `product` VALUES ('243', '捣蛋鬼 猫咪形状猫砂铲镂空猫屎铲 清理猫砂', '捣蛋鬼 猫咪形状猫砂铲镂空猫屎铲 清理猫砂', '10', 'https://img-new.boqiicdn.com/Data/Shop/1/146/14671/shoppicpath11420428431_y.jpg?imageView2/2/w/375/h/375/q/100/interlace/0/format/jpg', '2', '203', null);
INSERT INTO `product` VALUES ('244', '怡亲Yoken 瓦楞纸玩具字母型猫抓板-拱桥型 多造型可选', '怡亲Yoken 瓦楞纸玩具字母型猫抓板-拱桥型 多造型可选', '16.9', 'https://img-new.boqiicdn.com/Data/Shop/0/86/8689/shoppicpath11540532856_y.jpg?imageView2/2/w/375/h/375/q/100/interlace/0/format/jpg', '2', '204', null);
INSERT INTO `product` VALUES ('245', '田田猫 小球套装(帆布球4个装) 多规格可选', '田田猫 小球套装(帆布球4个装) 多规格可选', '10', 'https://img-new.boqiicdn.com/Data/Shop/1/173/17386/shoppicpath11577253878_y.jpg?imageView2/2/w/375/h/375/q/100/interlace/0/format/jpg', '2', '204', null);
INSERT INTO `product` VALUES ('246', '怡亲Yoken 高回弹长握杆逗猫棒 多规格可选', '怡亲Yoken 高回弹长握杆逗猫棒 多规格可选', '9', 'https://img-new.boqiicdn.com/Data/Shop/1/193/19338/shoppicpath11569738503_y.jpg?imageView2/2/w/375/h/375/q/100/interlace/0/format/jpg', '2', '204', null);
INSERT INTO `product` VALUES ('247', '田田猫 红房子底部猫抓板耐磨耐抓替换装 4片装', '田田猫 红房子底部猫抓板耐磨耐抓替换装 4片装', '10', 'https://img-new.boqiicdn.com/Data/Shop/1/186/18619/shoppicpath11562913769_y.jpg?imageView2/2/w/375/h/375/q/100/interlace/0/format/jpg', '2', '204', null);
INSERT INTO `product` VALUES ('248', '田田猫 瓦楞纸猫脚垫 娱乐清洁两不误', '田田猫 瓦楞纸猫脚垫 娱乐清洁两不误', '22', 'https://img-new.boqiicdn.com/Data/Shop/1/173/17363/shoppicpath11540531985_y.jpg?imageView2/2/w/375/h/375/q/100/interlace/0/format/jpg', '2', '204', null);
INSERT INTO `shopcart` VALUES ('25', '法国皇家Royal Canin 泰迪贵宾专用成犬粮', '181.1', '1', 'https://img.boqiicdn.com/Data/Shop/0/28/2849/shoppicpath11561538563_thumb.jpg', '1');
INSERT INTO `shopcart` VALUES ('36', '宜特 训练玩具', '14.4', '2', 'https://img-new.boqiicdn.com/Data/Shop/4/404/40423/shoppicpath11597388605_y.jpg?imageView2/2/w/360/h/360/q/100/interlace/0', '3');
INSERT INTO `shopcart` VALUES ('38', '锦跃锦鲤饲料色扬（玩家版', '76.9', '1', 'https://img-new.boqiicdn.com/Data/Shop/2/236/23619/shoppicpath11501747312_y.jpg?imageView2/2/w/360/h/360/q/100/interlace/0', '3');
INSERT INTO `shopcart` VALUES ('39', '聚宝源 锦鲤金鱼通用鱼粮育成2mm颗粒', '9.9', '1', 'https://img-new.boqiicdn.com/Data/Shop/2/279/27944/shoppicpath11561528991_y.jpg?imageView2/2/w/360/h/360/q/100/interlace/0', '3');
INSERT INTO `shopcart` VALUES ('40', '聚宝源 金鱼鱼粮3mm颗粒', '18.8', '1', 'https://img-new.boqiicdn.com/Data/Shop/2/278/27801/shoppicpath11532671959_y.jpg?imageView2/2/w/360/h/360/q/100/interlace/0', '3');
INSERT INTO `shopcart` VALUES ('41', '435345', '534634', '1', 'http://192.168.6.24:8001/public/upFile/1599102670324logo.png', '3');
INSERT INTO `shopcart` VALUES ('42', '贵为GiGwi 独创G-Ball高弹力发声网球', '20', '1', 'https://img-new.boqiicdn.com/Data/Shop/2/299/29946/shoppicpath21544695275_y.jpg?imageView2/2/w/360/h/360/q/100/interlace/0', '3');
INSERT INTO `shopcart` VALUES ('43', '路斯 牛肉味磨牙棒 200g ', '19.7', '17', 'https://img-new.boqiicdn.com/Data/Shop/1/184/18467/shoppicpath11540375475_y.jpg?imageView2/2/w/360/h/360/q/100/interlace/0', '3');
INSERT INTO `shopcart` VALUES ('44', '伯纳天纯 无谷金枪鱼马铃薯蔓越莓成猫粮 10kg\r\n\r\n', '489', '1', 'https://img-new.boqiicdn.com/Data/Shop/2/240/24049/shoppicpath11538996759_y.jpg?imageView2/2/w/375/h/375/q/100/interlace/0/format/jpg', '3');
INSERT INTO `shopcart` VALUES ('45', '法国皇家Royal Canin 中型犬成犬粮 15kg\r\n\r\n', '553', '1', 'https://img-new.boqiicdn.com/Data/Shop/0/23/2329/shoppicpath11568016640_y.jpg?imageView2/2/w/375/h/375/q/100/interlace/0/format/jpg', '1');
INSERT INTO `shopcart` VALUES ('49', '法国皇家Royal Canin 泰迪贵宾成犬粮 7.5kg PD30', '486', '3', 'https://img-new.boqiicdn.com/Data/Shop/0/7/739/shoppicpath11561539758_y.jpg?imageView2/2/w/375/h/375/q/100/interlace/0/format/jpg', '1');
INSERT INTO `shopcart` VALUES ('50', '宝路Pedigree 牛肉蔬菜口味大型犬成犬粮 7.5kg', '169.5', '4', 'https://img-new.boqiicdn.com/Data/Shop/0/81/8121/shoppicpath11595925447_y.jpg?imageView2/2/w/375/h/375/q/100/interlace/0/format/jpg', '1');
INSERT INTO `shopcart` VALUES ('53', '日本伊纳宝 妙好 烤鸡肉卷 金枪鱼 扇贝味 30g 猫零食', '6', '2', 'https://img-new.boqiicdn.com/Data/Shop/1/177/17709/shoppicpath11516763347_y.jpg?imageView2/2/w/375/h/375/q/100/interlace/0/format/jpg', '1');
INSERT INTO `shopcart` VALUES ('54', '路斯 牛肉味磨牙棒 200g ', '40', '1', 'https://img-new.boqiicdn.com/Data/Shop/1/184/18467/shoppicpath11540375475_y.jpg?imageView2/2/w/360/h/360/q/100/interlace/0', '1');
INSERT INTO `shopcart` VALUES ('55', '顽皮Wanpy happy100鸡肉慕斯狗罐头 95g', '4.5', '2', 'https://img-new.boqiicdn.com/Data/Shop/1/138/13896/shoppicpath11598335714_y.jpg?imageView2/2/w/375/h/375/q/100/interlace/0/format/jpg', '1');
INSERT INTO `shopcart` VALUES ('56', '真致Zeal 天然鲜牛乳犬猫专用牛奶 380ml 新西兰进口', '25', '4', 'https://img-new.boqiicdn.com/Data/Shop/2/223/22385/shoppicpath11584099184_y.jpg?imageView2/2/w/375/h/375/q/100/interlace/0/format/jpg', '1');
INSERT INTO `shopcart` VALUES ('57', '酷极Kyjen 耐咬网球训导狗狗玩具', '99.9', '3', 'https://img-new.boqiicdn.com/Data/Shop/0/92/9206/shoppicpath11548209941_y.jpg?imageView2/2/w/360/h/360/q/100/interlace/0', '3');
INSERT INTO `shopcart` VALUES ('58', '法国皇家Royal Canin 中型犬成犬粮 15kg\r\n\r\n', '553', '1', 'https://img-new.boqiicdn.com/Data/Shop/0/23/2329/shoppicpath11568016640_y.jpg?imageView2/2/w/375/h/375/q/100/interlace/0/format/jpg', '3');
INSERT INTO `shopcart` VALUES ('59', '优倍滋 牛肉味全犬种全期犬粮 1.5kg 狗粮通用型', '19.9', '8', 'https://img-new.boqiicdn.com/Data/Shop/3/341/34193/shoppicpath11567159807_y.jpg?imageView2/2/w/375/h/375/q/100/interlace/0/format/jpg', '3');
INSERT INTO `shopcart` VALUES ('61', '酷极Kyjen 耐咬网球训导狗狗玩具', '99.9', '1', 'https://img-new.boqiicdn.com/Data/Shop/0/92/9206/shoppicpath11548209941_y.jpg?imageView2/2/w/360/h/360/q/100/interlace/0', '4');
INSERT INTO `shopcart` VALUES ('62', '宝路Pedigree 牛肉蔬菜口味大型犬成犬粮 7.5kg', '169.5', '1', 'https://img-new.boqiicdn.com/Data/Shop/0/81/8121/shoppicpath11595925447_y.jpg?imageView2/2/w/375/h/375/q/100/interlace/0/format/jpg', '3');
INSERT INTO `shopcart` VALUES ('63', '法国皇家Royal Canin 泰迪贵宾成犬粮 7.5kg PD30', '486', '6', 'https://img-new.boqiicdn.com/Data/Shop/0/7/739/shoppicpath11561539758_y.jpg?imageView2/2/w/375/h/375/q/100/interlace/0/format/jpg', '3');
INSERT INTO `shopcart` VALUES ('64', 'NEW AGE健康宠兔粮2.75kg', '33', '1', 'https://img-new.boqiicdn.com/Data/Shop/1/128/12877/shoppicpath11586933100_y.jpg?imageView2/2/w/360/h/360/q/100/interlace/0', '3');
INSERT INTO `shopcart` VALUES ('65', '顽皮Wanpy happy100鸡肉慕斯狗罐头 95g', '4.5', '1', 'https://img-new.boqiicdn.com/Data/Shop/1/138/13896/shoppicpath11598335714_y.jpg?imageView2/2/w/375/h/375/q/100/interlace/0/format/jpg', '3');
INSERT INTO `shopcart` VALUES ('66', 'zoog组格酷品 游戏纸条小宠玩具', '4.8', '1', 'https://img-new.boqiicdn.com/Data/Shop/3/336/33666/shoppicpath11565341102_y.jpg?imageView2/2/w/360/h/360/q/100/interlace/0', '3');
INSERT INTO `user` VALUES ('1', 'aaaaaa', '123456i', '13312345678', 'http://192.168.6.24:8001/public/upFile/1599069901182logo.jpg', '成都金牛区', '2020-09-12T16:00:00.000Z', '大大王', 'aaa', '女');
INSERT INTO `user` VALUES ('3', 'meiyinfen', '123456i', '13312345678', 'http://localhost:8001/public/upFile/1599367593608橘猫.jpg', 'sdfsfsf', '2020-09-06T16:00:00.000Z', 'ssss', 'fdffefdsfg', '男');
INSERT INTO `user` VALUES ('4', 'admin', '123456i', '13312345678', null, 'dfdfdf', '2020-08-30T16:00:00.000Z', 'sdsfsgf', 'dff', '女');
INSERT INTO `user` VALUES ('5', 'a804911228', 'jie980504', null, null, null, null, null, null, null);
